date,nc_net,comm_net,open_interest
2010-06-15,-15536,-6390,1132309
2010-06-22,-5133,-20856,822092
2010-06-29,-1014,-25515,850401
2010-07-06,-20623,-1972,883425
2010-07-13,-34695,26964,874896
2010-07-20,-29325,14180,870890
2010-07-27,-27186,9202,868087
2010-08-03,-25252,-1570,865807
2010-08-10,-24835,-2693,870141
2010-08-17,-18386,32,884624
2010-08-24,-29539,11512,910530
2010-08-31,-36514,18880,938443
2010-09-07,-47964,24409,943773
2010-09-14,-45652,22643,1103826
2010-09-21,-27959,10154,779357
2010-09-28,-14311,-7836,811413
2010-10-05,-3191,-28853,829851
2010-10-12,-8410,-24064,843960
2010-10-19,-6236,-21125,854075
2010-10-26,4184,-29001,869680
2010-11-02,7628,-34872,879024
2010-11-09,2147,-36162,904392
2010-11-16,1114,-40050,921238
2010-11-23,-12397,-24396,936881
2010-11-30,-4837,-27178,941143
2010-12-07,-4525,-38153,980643
2010-12-14,11987,-47118,1109473
2010-12-21,74,-35734,758336
2010-12-28,-5412,-26308,769754
2011-01-04,-4753,-32336,776403
2011-01-11,5529,-46282,793466
2011-01-18,-6331,-29042,810682
2011-01-25,-48,-39204,837948
2011-02-01,-792,-43084,855085
2011-02-08,-17014,-13447,878168
2011-02-15,-16084,-13489,893447
2011-02-22,-18027,-8496,917177
2011-03-01,-17674,-23014,946217
2011-03-08,-19066,-16813,979528
2011-03-15,-22514,4960,1173662
2011-03-22,-26850,9220,808947
2011-03-29,-22769,-10984,826332
2011-04-05,-10068,-30515,838763
2011-04-12,-22653,-17496,843173
2011-04-19,-33755,-2899,859929
2011-04-26,-12154,-30956,872221
2011-05-03,1747,-47491,885078
2011-05-10,-5730,-45179,863175
2011-05-17,-4924,-39979,870469
2011-05-24,-16227,-23130,896257
2011-05-31,-20086,-21269,905541
2011-06-07,-23110,-21656,948917
2011-06-14,-19676,-17084,1072737
2011-06-21,-17430,-19373,771574
2011-06-28,-16522,-15009,767317
2011-07-05,-23548,-3983,767993
2011-07-12,-1398,-32705,795442
2011-07-19,-12880,-21155,792364
2011-07-26,-9813,-25729,802406
2011-08-02,-4412,-23287,855617
2011-08-09,-47069,30739,1011909
2011-08-16,-71980,68219,977983
2011-08-23,-84493,76975,1062071
2011-08-30,-107914,101305,1113795
2011-09-06,-108117,97242,1193021
2011-09-13,-98789,106985,1322673
2011-09-20,-71233,77607,849368
2011-09-27,-67981,76969,881093
2011-10-04,-67704,64005,925564
2011-10-11,-63566,68293,886848
2011-10-18,-70616,75514,892321
2011-10-25,-64719,64994,896677
2011-11-01,-56202,50319,859816
2011-11-08,-53959,48860,874939
2011-11-15,-45423,36040,897885
2011-11-22,-56927,45143,901580
2011-11-29,-60603,49213,902281
2011-12-06,-44103,30757,926993
2011-12-13,-35614,21699,1023384
2011-12-20,-37263,17463,745391
2011-12-27,-44489,28982,764761
2012-01-03,-38111,16052,788830
2012-01-10,-39033,12602,755841
2012-01-17,-45646,19844,766599
2012-01-24,-40696,14954,794994
2012-01-31,-32572,2141,799299
2012-02-07,-28639,1959,798596
2012-02-14,-40799,15013,796294
2012-02-21,-35921,11821,808052
2012-02-28,-24227,6728,811993
2012-03-06,-29899,14074,846787
2012-03-13,-17118,-1582,967328
2012-03-20,-32003,10704,761130
2012-03-27,-28090,324,772728
2012-04-03,-32103,1366,776067
2012-04-10,-26237,-7477,790586
2012-04-17,-15973,-17326,796135
2012-04-24,-27476,-4095,805068
2012-05-01,-3584,-31292,816564
2012-05-08,-19374,-15934,822718
2012-05-15,-11566,-19862,851882
2012-05-22,-34465,7441,873488
2012-05-29,-41316,16355,881189
2012-06-05,-36712,10786,933308
2012-06-12,-37603,10700,1016255
2012-06-19,-25184,1946,740602
2012-06-26,-17432,-7184,774074
2012-07-03,-18152,-7550,773321
2012-07-10,-25871,-1954,794026
2012-07-17,-18250,-10498,801482
2012-07-24,-23308,-2920,817472
2012-07-31,-6419,-23162,781796
2012-08-07,5181,-33292,802712
2012-08-14,-928,-27557,820949
2012-08-21,-8626,-22633,834977
2012-08-28,-2895,-30330,848540
2012-09-04,-6565,-25500,861624
2012-09-11,11902,-47231,871458
2012-09-18,18656,-56163,976025
2012-09-25,26391,-64740,754465
2012-10-02,21350,-55230,777618
2012-10-09,21880,-59199,775286
2012-10-16,30865,-64492,784344
2012-10-23,10789,-45799,805026
2012-10-30,11987,-44928,809024
2012-11-06,15715,-43685,807567
2012-11-13,24989,-57829,828091
2012-11-20,6797,-40814,852640
2012-11-27,10456,-37143,847506
2012-12-04,25466,-58459,851897
2012-12-11,43711,-75718,866940
2012-12-18,41706,-76556,923950
2012-12-24,25222,-61696,728890
2012-12-31,28293,-64540,739159
2013-01-08,23318,-54200,751437
2013-01-15,23195,-50482,754799
2013-01-22,16895,-39751,788046
2013-01-29,21184,-38859,805010
2013-02-05,30443,-55328,807925
2013-02-12,21359,-39654,830577
2013-02-19,19744,-37925,856539
2013-02-26,20440,-47848,875260
2013-03-05,46627,-65406,892367
2013-03-12,49910,-69460,1017100
2013-03-19,56800,-78199,724003
2013-03-26,51065,-69262,745524
2013-04-02,49313,-70033,763804
2013-04-09,47338,-69122,775766
2013-04-16,51433,-77685,772200
2013-04-23,40097,-68159,782302
2013-04-30,56172,-84419,791342
2013-05-07,43789,-70653,816274
2013-05-14,43610,-70581,846248
2013-05-21,32457,-60677,860454
2013-05-28,41960,-77256,876502
2013-06-04,35179,-46023,867486
2013-06-11,26452,-35476,894602
2013-06-18,32202,-36829,991389
2013-06-25,23811,-54732,703009
2013-07-02,20271,-48440,703729
2013-07-09,18722,-46747,705746
2013-07-16,37438,-64910,716164
2013-07-23,40224,-68367,727263
2013-07-30,46162,-72719,730838
2013-08-06,28902,-59002,732142
2013-08-13,29164,-58651,738273
2013-08-20,26689,-55348,754996
2013-08-27,10531,-35759,780789
2013-09-03,9129,-31064,789961
2013-09-10,3985,-20847,810027
2013-09-17,21423,-46157,917682
2013-09-24,30142,-67971,675574
2013-10-01,28835,-65212,677685
2013-10-08,14485,-54839,701923
2013-10-15,21591,-59214,695078
2013-10-22,22309,-47404,708537
2013-10-29,34870,-60010,721121
2013-11-05,33489,-66135,728659
2013-11-12,32393,-61671,728575
2013-11-19,19858,-49990,745718
2013-11-26,24096,-57519,741827
2013-12-03,18149,-52418,748300
2013-12-10,18737,-54729,764651
2013-12-17,30396,-60997,873627
2013-12-24,25209,-58567,684782
2013-12-31,24662,-56857,700432
2014-01-07,29788,-64393,699646
2014-01-14,22675,-54827,719529
2014-01-21,6611,-36958,722076
2014-01-28,4009,-39722,743768
2014-02-04,1334,-38995,771947
2014-02-11,-20677,-8722,808380
2014-02-18,-12085,-17157,833784
2014-02-25,-3666,-30883,851046
2014-03-04,5235,-35053,880372
2014-03-11,-7016,-25219,899687
2014-03-18,3836,-35693,1029593
2014-03-25,7088,-38178,683526
2014-04-01,15151,-45400,681463
2014-04-08,5320,-38072,676428
2014-04-15,-687,-31416,688040
2014-04-22,2471,-27594,686751
2014-04-29,6931,-38446,702673
2014-05-06,-3818,-23686,703712
2014-05-13,4407,-33438,729317
2014-05-20,-18724,-14462,742933
2014-05-27,-2480,-22203,758245
2014-06-03,-11915,-16680,774514
2014-06-10,-12881,-8049,814572
2014-06-17,-6783,-16177,914025
2014-06-24,-10060,-11719,705455
2014-07-01,-3704,-21470,727127
2014-07-08,-10772,-9475,727096
2014-07-15,-1848,-22315,726972
2014-07-22,3490,-24514,739612
2014-07-29,-4557,-19410,746886
2014-08-05,619,-27060,746293
2014-08-12,-2709,-22428,752126
2014-08-19,-2300,-17706,764463
2014-08-26,-2975,-15910,769648
2014-09-02,-8708,-12329,781007
2014-09-09,-4771,-22242,818907
2014-09-16,13250,-35949,949208
2014-09-23,-5590,-20977,687035
2014-09-30,5916,-35471,688127
2014-10-07,1000,-28002,683188
2014-10-14,4872,-38789,695436
2014-10-21,-13254,-11233,720693
2014-10-28,-11761,-13772,732657
2014-11-04,-3555,-20294,728520
2014-11-11,4543,-28666,730037
2014-11-18,11683,-37902,753656
2014-11-25,6138,-28663,772687
2014-12-02,16254,-39903,776987
2014-12-09,11404,-35804,775987
2014-12-16,28162,-56147,832516
2014-12-23,26870,-51027,672428
2014-12-30,32202,-55728,677927
2015-01-06,33583,-65360,675726
2015-01-13,23875,-51594,671513
2015-01-20,20117,-49393,671899
2015-01-27,17857,-44360,672635
2015-02-03,18898,-46094,689848
2015-02-10,22246,-47892,703790
2015-02-17,22570,-47854,705929
2015-02-24,6747,-31269,729019
2015-03-03,1247,-24859,754597
2015-03-10,-9900,-18475,830808
2015-03-17,-7095,-15540,904970
2015-03-24,2026,-23397,629452
2015-03-31,-335,-19946,635500
2015-04-07,30,-18361,643859
2015-04-14,-146,-16679,648744
2015-04-21,1229,-16067,658194
2015-04-28,3547,-15213,667287
2015-05-05,-5898,-1910,669417
2015-05-12,-5307,-3957,674672
2015-05-19,5726,-11607,683932
2015-05-26,-5724,-4115,685015
2015-06-02,2335,-14811,699436
2015-06-09,-12240,-2002,744892
2015-06-16,-9628,234,818130
2015-06-23,-9519,4181,608957
2015-06-30,-22810,13188,624941
2015-07-07,-27026,22169,644368
2015-07-14,-16132,14437,633569
2015-07-21,-8872,5391,635291
2015-07-28,-11341,3187,647180
2015-08-04,-15743,7083,651953
2015-08-11,-24209,16416,671573
2015-08-18,-17176,17794,688260
2015-08-25,-5601,-16,782911
2015-09-01,-26553,28946,816628
2015-09-08,-30958,40481,848170
2015-09-15,-35200,39148,921243
2015-09-22,-40770,43686,679965
2015-09-29,-34740,34869,686659
2015-10-06,-44256,56550,696897
2015-10-13,-39697,47364,692719
2015-10-20,-40980,49219,700025
2015-10-27,-24373,35052,668152
2015-11-03,-26122,36821,671878
2015-11-10,-20236,24508,689592
2015-11-17,-16524,17966,680871
2015-11-24,-11601,13943,678277
2015-12-01,-10232,11851,685208
2015-12-08,-9475,3907,689577
2015-12-15,-5030,-1366,757425
2015-12-22,-11365,8068,593654
2015-12-29,-12686,9672,584476
2016-01-05,-16808,12594,612018
2016-01-12,-28599,23114,649905
2016-01-19,-34059,23040,681362
2016-01-26,-23581,19968,687081
2016-02-02,-45371,51477,719671
2016-02-09,-40484,43296,742952
2016-02-16,-32403,36372,760791
2016-02-23,-42045,55362,761112
2016-03-01,-39198,49853,776246
2016-03-08,-36887,44316,812089
2016-03-15,-37632,43510,835103
2016-03-22,-25178,37416,624401
2016-03-29,-19218,26999,632054
2016-04-05,-15664,21476,640464
2016-04-12,-10284,13672,644744
2016-04-19,60,9170,647049
2016-04-26,13818,-11684,653325
2016-05-03,10203,-8921,640333
2016-05-10,11825,-9739,648848
2016-05-17,6486,-66,644341
2016-05-24,25612,-17443,673452
2016-05-31,14952,-2625,681779
2016-06-07,2964,7222,715957
2016-06-14,30473,-24370,774471
2016-06-21,14949,-18511,620998
2016-06-28,14048,-4782,673460
2016-07-05,10225,1413,689194
2016-07-12,19324,-15241,685818
2016-07-19,36262,-31516,688835
2016-07-26,41535,-36960,688070
2016-08-02,33057,-29740,683947
2016-08-09,32389,-30356,676437
2016-08-16,38477,-34735,682836
2016-08-23,42197,-37002,700378
2016-08-30,48849,-43453,710340
2016-09-06,41859,-36011,735322
2016-09-13,18564,-17090,825324
2016-09-20,19766,-16075,641083
2016-09-27,17161,-12807,641376
2016-10-04,10735,-2602,659410
2016-10-11,-2217,222,667013
2016-10-18,12656,-12586,665364
2016-10-25,18,7368,682461
2016-11-01,1972,2408,681289
2016-11-08,9673,-5582,672984
2016-11-15,3918,1111,667044
2016-11-22,-8553,15786,697761
2016-11-29,-18858,22909,707887
2016-12-06,-19245,18927,702523
2016-12-13,-8711,10817,779925
2016-12-20,-1015,746,607961
2016-12-27,6654,-7050,609421
2017-01-03,20911,-23839,628650
2017-01-10,6417,-13080,628415
2017-01-17,8909,-10231,624477
2017-01-24,16276,-22518,639223
2017-01-31,15167,-17622,636204
2017-02-07,9174,-12168,647479
2017-02-14,12843,-8368,675290
2017-02-21,8440,-5255,693015
2017-02-28,20299,-15572,717622
2017-03-07,34473,-35577,742520
2017-03-14,40723,-49028,801763
2017-03-21,27773,-31597,622785
2017-03-28,44524,-52733,634041
2017-04-04,31524,-34899,625889
2017-04-11,28763,-33650,631099
2017-04-18,29311,-32502,642634
2017-04-25,28663,-28849,653341
2017-05-02,16379,-10071,656419
2017-05-09,11610,-10694,680155
2017-05-16,1853,-240,684563
2017-05-23,1493,5953,691817
2017-05-30,3134,6779,695192
2017-06-06,4351,4907,706889
2017-06-13,6086,-1278,785893
2017-06-20,3463,-934,605483
2017-06-27,6810,-8106,616094
2017-07-03,16192,-17047,613110
2017-07-11,18348,-20696,614457
2017-07-18,21761,-18476,631177
2017-07-25,23631,-23508,654894
2017-08-01,15517,-11557,668674
2017-08-08,15262,-7007,681713
2017-08-15,28128,-21285,695177
2017-08-22,24951,-19711,713658
2017-08-29,35991,-26691,731582
2017-09-05,27555,-20758,735493
2017-09-12,31770,-21373,810813
2017-09-19,21137,-12531,661762
2017-09-26,25026,-18261,657752
2017-10-03,19927,-12866,650232
2017-10-10,27981,-21800,665557
2017-10-17,32720,-25208,669706
2017-10-24,26432,-21478,692744
2017-10-31,32018,-31427,701203
2017-11-07,27702,-20968,715963
2017-11-14,30368,-27621,720635
2017-11-21,22520,-22858,738955
2017-11-28,22788,-22165,756344
2017-12-05,34401,-40608,780215
2017-12-12,18126,-20124,863122
2017-12-19,18164,-23448,641391
2017-12-26,23181,-28451,663937
2018-01-02,33732,-41701,662131
2018-01-09,13468,-23154,704939
2018-01-16,23698,-34132,719920
2018-01-23,29980,-37710,753197
2018-01-30,38296,-56452,755004
2018-02-06,36189,-47870,764134
2018-02-13,24531,-34530,745984
2018-02-20,12408,-19737,743270
2018-02-27,13351,-19913,751478
2018-03-06,11809,-22525,744178
2018-03-13,13917,-17847,841393
2018-03-20,18529,-30630,584448
2018-03-27,42424,-57888,645461
2018-04-03,42533,-60135,672875
2018-04-10,43517,-57792,682253
2018-04-17,44943,-55442,679003
2018-04-24,46476,-64242,685976
2018-05-01,46432,-64196,680823
2018-05-08,33657,-47939,696497
2018-05-15,42185,-56354,710995
2018-05-22,39144,-56995,731490
2018-05-29,28639,-46189,758381
2018-06-05,42134,-55288,764297
2018-06-12,44705,-59838,808289
2018-06-19,40716,-45217,584145
2018-06-26,41998,-48369,592189
2018-07-03,37264,-44366,591994
2018-07-10,38582,-39578,603377
2018-07-17,42090,-41461,617923
2018-07-24,39936,-43662,618863
2018-07-31,36356,-46068,615259
2018-08-07,36404,-41605,631017
2018-08-14,39025,-44480,628840
2018-08-21,26227,-32527,632271
2018-08-28,32267,-38980,646116
2018-09-04,34477,-45002,648498
2018-09-11,25916,-36403,653358
2018-09-18,30122,-38250,726708
2018-09-25,39657,-54835,579634
2018-10-02,47235,-57210,590542
2018-10-09,53812,-66369,611580
2018-10-16,44205,-56670,627161
2018-10-23,48517,-61511,634547
2018-10-30,55414,-71681,651135
2018-11-06,41700,-53411,642723
2018-11-13,42485,-52496,648679
2018-11-20,48957,-65132,668984
2018-11-27,44182,-58516,667115
2018-12-04,25421,-38386,681655
2018-12-11,38990,-53156,693855
2018-12-18,46776,-67862,709900
2018-12-24,37412,-61127,588676
2018-12-31,34067,-50988,575768
2019-01-08,30107,-37711,573742
2019-01-15,18238,-21980,585987
2019-01-22,10440,-11149,595185
2019-01-29,6637,-10227,599443
2019-02-05,-16223,15648,592490
2019-02-12,-14848,19708,591539
2019-02-19,-16892,19605,589295
2019-02-26,-8460,8950,603122
2019-03-05,-13877,17271,571144
2019-03-12,-7817,10451,620260
2019-03-19,-5483,4471,520024
2019-03-26,8705,-8065,526058
2019-04-02,2555,-4077,533116
2019-04-09,2691,-1714,540171
2019-04-16,7390,-9491,559143
2019-04-23,5570,-6226,575717
2019-04-30,13498,-16402,571216
2019-05-07,17044,-16334,568612
2019-05-14,17490,-19865,571543
2019-05-21,17144,-19611,571843
2019-05-28,15145,-16409,581858
2019-06-04,17522,-9172,581678
2019-06-11,11551,-10319,586932
2019-06-18,10875,-14922,663913
2019-06-25,20330,-22511,516250
2019-07-02,11107,-15517,532421
2019-07-09,4504,-8607,538672
2019-07-16,7016,-11841,556903
2019-07-23,10611,-15465,557604
2019-07-30,12014,-12791,558588
2019-08-06,14909,-11186,549032
2019-08-13,190,-2834,541120
2019-08-20,9856,-14369,546962
2019-08-27,10791,-8127,554812
2019-09-03,-702,-1594,561385
2019-09-10,-3680,-1881,582996
2019-09-17,-2342,-12847,632829
2019-09-24,2913,-9525,512020
2019-10-01,961,-11262,515140
2019-10-08,8950,-15496,517891
2019-10-15,3459,-9943,526647
2019-10-22,6239,-10066,527802
2019-10-29,7065,-13543,546562
2019-11-05,2999,-6939,558295
2019-11-12,3736,-7302,574424
2019-11-19,1171,-2799,585963
2019-11-26,4,-3941,605622
2019-12-03,-5950,363,606563
2019-12-10,-2079,-3199,622140
2019-12-17,1829,-22206,675130
2019-12-24,6175,-15531,556980
2019-12-31,10067,-20290,566928
2020-01-07,5542,-11265,567613
2020-01-14,8505,-17596,568311
2020-01-21,4576,-14463,587888
2020-01-28,6902,-12650,583370
2020-02-04,10239,-16839,575449
2020-02-11,9614,-15550,596376
2020-02-18,9840,-16181,607316
2020-02-25,13843,-23132,617822
2020-03-03,2411,-7292,687840
2020-03-10,2204,6027,783449
2020-03-17,11926,-8043,1024737
2020-03-24,3008,122,695310
2020-03-31,-2132,19149,754083
2020-04-07,-15665,33483,772134
2020-04-14,-28976,51950,777289
2020-04-21,-23058,42515,774339
2020-04-28,-33824,53402,764991
2020-05-05,-32463,56681,750913
2020-05-12,-31841,57481,753246
2020-05-19,-34854,55659,748020
2020-05-26,-39285,59494,748823
2020-06-02,-33160,52551,750830
2020-06-09,-30356,43102,766888
2020-06-16,-45327,54572,812088
2020-06-23,-19416,32153,520654
2020-06-30,-12847,24415,538487
2020-07-07,-7776,20615,533758
2020-07-14,-5709,18456,536906
2020-07-21,-7221,16913,542138
2020-07-28,-4170,14607,551791
2020-08-04,-6486,14718,559277
2020-08-11,-6435,16821,566508
2020-08-18,-4518,10000,574834
2020-08-25,-10133,18947,579474
2020-09-01,-231,9713,590438
2020-09-08,8136,4209,577671
2020-09-15,6075,-5676,620388
2020-09-22,10192,-7230,502173
2020-09-29,14632,-13900,502009
2020-10-06,15857,-11483,507185
2020-10-13,10650,-8643,509854
2020-10-20,10884,-11424,503160
2020-10-27,23530,-21763,500239
2020-11-03,16594,-15222,496324
2020-11-10,15515,-18076,517065
2020-11-17,12760,-17027,534823
2020-11-24,203,-4281,538369
2020-12-01,-836,-2937,556009
2020-12-08,-4089,-404,578100
2020-12-15,-4378,-1805,637832
2020-12-21,-4911,-1416,495182
2020-12-29,-8835,1483,506564
2021-01-05,-10740,-1585,523123
2021-01-12,-3901,-3397,531665
2021-01-19,1718,-9905,535228
2021-01-26,-2928,-1946,539902
2021-02-02,-6282,-2433,550121
2021-02-09,-11633,6789,547257
2021-02-16,-13156,6194,552371
2021-02-23,-2397,-3769,556649
2021-03-02,7639,-17491,584840
2021-03-09,6025,-14000,585629
2021-03-16,2574,-11368,643898
2021-03-23,-5661,-5058,508037
2021-03-30,-5385,1063,529023
2021-04-06,-6151,3508,549444
2021-04-13,-5767,2828,560636
2021-04-20,-5209,448,569824
2021-04-27,5353,-8557,581117
2021-05-04,192,-5697,578570
2021-05-11,4559,-13274,568597
2021-05-18,6884,-18103,561295
2021-05-25,9934,-18226,588098
2021-06-01,11992,-21555,594184
2021-06-08,15770,-22951,606772
2021-06-15,15070,-24300,666519
2021-06-22,10019,-16433,519840
2021-06-29,10320,-14932,526777
2021-07-06,12632,-17031,535166
2021-07-13,16308,-18658,543030
2021-07-20,11038,-12224,551237
2021-07-27,13385,-16593,560457
2021-08-03,15316,-19630,568882
2021-08-10,13029,-15585,573185
2021-08-17,11143,-12394,581375
2021-08-24,13519,-14280,592348
2021-08-31,6006,-7201,601293
2021-09-07,2815,-5748,611152
2021-09-14,7665,-15560,655925
2021-09-21,9963,-21390,490636
2021-09-28,14631,-20422,491475
2021-10-05,14557,-19381,487471
2021-10-12,19756,-26633,480633
2021-10-19,13524,-17055,477317
2021-10-26,19297,-25308,480961
2021-11-02,25100,-32824,486386
2021-11-09,19512,-27384,487561
2021-11-16,22230,-30065,490979
2021-11-23,24763,-29910,491063
2021-11-30,35945,-38537,502143
2021-12-07,33079,-36585,502877
2021-12-14,33555,-40707,550927
2021-12-21,27276,-35437,452425
2021-12-28,20659,-27555,457570
2022-01-04,21806,-30471,459458
2022-01-11,15481,-26771,456734
2022-01-18,25046,-37701,461996
2022-01-25,45370,-57827,475771
2022-02-01,31750,-39308,456794
2022-02-08,35517,-40093,445982
2022-02-15,39024,-41124,454053
2022-02-22,47289,-47908,474833
2022-03-01,32204,-30971,477498
2022-03-08,25530,-24136,487109
2022-03-15,20440,-22377,516552
2022-03-22,-10834,11107,422337
2022-03-29,-10171,11664,424010
2022-04-05,-6332,4009,424471
2022-04-12,12593,-13030,431393
2022-04-19,13686,-13189,431759
2022-04-26,24550,-25170,438339
2022-05-03,10442,-11759,441735
2022-05-10,24355,-23362,452391
2022-05-17,13330,-10533,450422
2022-05-24,9778,-5764,452434
2022-05-31,4382,547,452093
2022-06-07,-3405,10372,453484
2022-06-14,6855,-5773,530880
2022-06-21,-22864,28840,452401
2022-06-28,-27845,33681,449754
2022-07-05,-36736,44325,461848
2022-07-12,-43106,49538,463516
2022-07-19,-41630,53269,467064
2022-07-26,-47527,58018,464565
2022-08-02,-46377,58627,462133
2022-08-09,-48852,62449,459878
2022-08-16,-57597,70843,469245
2022-08-23,-52455,65683,465908
2022-08-30,-47926,62363,465991
2022-09-06,-47744,60256,462858
2022-09-13,-56201,74057,520609
2022-09-20,-43890,62739,428204
2022-09-27,-30041,46593,446776
2022-10-04,-41860,49429,452257
2022-10-11,-32812,39046,455559
2022-10-18,-44640,51723,467313
2022-10-25,-43821,49530,472365
2022-11-01,-35012,39468,467342
2022-11-08,-35412,39647,463779
2022-11-15,-40529,40627,468702
2022-11-22,-38298,39037,460815
2022-11-29,-40835,40337,462905
2022-12-06,-40744,39324,457538
2022-12-13,-46025,42545,495428
2022-12-20,-31951,32144,397369
2022-12-27,-34856,35797,392262
2023-01-03,-33460,33310,402199
2023-01-10,-42634,40587,406513
2023-01-17,-45364,46232,411294
2023-01-24,-41798,40553,404887
2023-01-31,-44451,46957,412284
2023-02-07,-43509,42976,410617
2023-02-14,-49291,50227,415269
2023-02-21,-46858,48231,414897
2023-02-28,-36778,36974,422632
2023-03-07,-41897,47536,426634
2023-03-14,-23964,36640,510197
2023-03-21,-40496,53291,429801
2023-03-28,-44932,54195,428446
2023-04-04,-64292,56294,443902
2023-04-11,-61523,68403,449694
2023-04-18,-68851,71966,455664
2023-04-25,-72653,77328,453159
2023-05-02,-342860,382436,2304633
2023-05-09,-364277,398793,2325459
2023-05-16,-374645,416048,2339836
2023-05-23,-388530,421527,2420808
2023-05-30,-417792,435024,2533871
2023-06-06,-325646,350706,2544164
2023-06-13,-305675,307235,2956473
2023-06-20,-238648,250663,2233907
2023-06-27,-205023,206023,2200098
2023-07-03,-200942,206955,2227564
2023-07-11,-200726,203471,2228090
2023-07-18,-253956,237540,2301847
2023-07-25,-224270,218203,2265346
2023-08-01,-189484,186966,2263529
2023-08-08,-149071,140870,2245745
2023-08-15,-106183,96777,2246098
2023-08-22,-126298,102046,2253916
2023-08-29,-132593,125161,2291670
2023-09-05,-134516,123889,2284667
2023-09-12,-101023,87065,2547762
2023-09-19,-140410,125547,2107388
2023-09-26,-91168,65574,2150244
2023-10-03,-77088,46136,2151506
2023-10-10,-98000,69774,2088321
2023-10-17,-69896,44360,2128482
2023-10-24,1417,-33746,2176852
2023-10-31,-3449,-33397,2193182
2023-11-07,-58153,36298,2194624
2023-11-14,-56665,12219,2208240
2023-11-21,-83900,34874,2255516
2023-11-28,-68908,22775,2295420
2023-12-05,-49294,666,2330556
2023-12-12,-60221,22695,2690306
2023-12-19,-196001,124996,2167112
2023-12-26,-193727,122038,2166788
2024-01-02,-213055,127586,2234726
2024-01-09,-112306,17383,2225245
2024-01-16,-164421,104172,2233526
2024-01-23,-185900,112537,2287411
2024-01-30,-224031,145326,2326056
2024-02-06,-231862,163130,2313768
2024-02-13,-213211,152933,2355646
2024-02-20,-215689,143199,2341883
2024-02-27,-219872,141414,2365269
2024-03-05,-198969,120101,2401166
2024-03-12,-227840,141646,2704540
2024-03-19,-187506,108605,2111429
2024-03-26,-163258,74256,2128826
2024-04-02,-69356,-21689,2110281
2024-04-09,-51512,-42252,2115693
2024-04-16,82278,-185138,2124352
2024-04-23,76712,-188299,2092629
2024-04-30,50678,-148458,2031800
2024-05-07,-498,-94227,2056976
2024-05-14,-16519,-71619,2107573
2024-05-21,-13770,-90897,2176057
2024-05-28,6193,-104414,2207528
2024-06-04,-53189,-47670,2189450
2024-06-11,-97804,-12042,2296554
2024-06-18,-99893,9460,2626904
2024-06-25,-66105,-44530,1986672
2024-07-02,-12612,-96836,2047732
2024-07-09,-55709,-41900,2059456
2024-07-16,-68072,-35403,2102256
2024-07-23,-16094,-93142,2058317
2024-07-30,7739,-121460,2058295
2024-08-06,27940,-115858,2037394
2024-08-13,-29263,-44292,2046062
2024-08-20,-92158,-1235,2066099
2024-08-27,-89533,-26081,2113787
2024-09-03,-54821,-45340,2120935
2024-09-10,-65294,-11868,2169815
2024-09-17,-128087,40973,2597333
2024-09-24,-36133,-57530,2055631
2024-10-01,8000,-92223,2092048
2024-10-08,-4832,-85214,2144160
2024-10-15,30678,-128522,2199693
2024-10-22,25163,-116090,2201296
2024-10-29,68364,-176550,2184936
2024-11-05,120581,-232053,2158810
2024-11-12,33659,-159598,2255574
2024-11-19,42451,-181041,2280743
2024-11-26,-70359,-72614,2295861
2024-12-03,-99611,-37951,2303238
2024-12-10,-74116,-65371,2349247
2024-12-17,-28562,-116429,2623934
2024-12-24,-64496,-60942,2092944
2024-12-31,-57251,-80324,2069072
