universe,symbol,market,start_date,end_date,source,confidence,asset_class,asset_subclass,role
SP600_PIT_2019,AAN,us,2019-06-22,,wikipedia:sp600@903017102,medium,equity,us-small-cap,risk
SP600_PIT_2019,AAOI,us,2019-06-22,,wikipedia:sp600@903017102,medium,equity,us-small-cap,risk
SP600_PIT_2019,AAON,us,2019-06-22,,wikipedia:sp600@903017102,medium,equity,us-small-cap,risk
SP600_PIT_2019,AAT,us,2019-06-22,,wikipedia:sp600@903017102,medium,equity,us-small-cap,risk
SP600_PIT_2019,AAWW,us,2019-06-22,,wikipedia:sp600@903017102,medium,equity,us-small-cap,risk
SP600_PIT_2019,AAXN,us,2019-06-22,,wikipedia:sp600@903017102,medium,equity,us-small-cap,risk
SP600_PIT_2019,ABCB,us,2019-06-22,,wikipedia:sp600@903017102,medium,equity,us-small-cap,risk
SP600_PIT_2019,ABG,us,2019-06-22,,wikipedia:sp600@903017102,medium,equity,us-small-cap,risk
SP600_PIT_2019,ABM,us,2019-06-22,,wikipedia:sp600@903017102,medium,equity,us-small-cap,risk
SP600_PIT_2019,ACC,us,2019-06-22,,wikipedia:sp600@903017102,medium,equity,us-small-cap,risk
SP600_PIT_2019,ACET,us,2019-06-22,,wikipedia:sp600@903017102,medium,equity,us-small-cap,risk
SP600_PIT_2019,ACHC,us,2019-06-22,,wikipedia:sp600@903017102,medium,equity,us-small-cap,risk
SP600_PIT_2019,ACIW,us,2019-06-22,,wikipedia:sp600@903017102,medium,equity,us-small-cap,risk
SP600_PIT_2019,ACLS,us,2019-06-22,,wikipedia:sp600@903017102,medium,equity,us-small-cap,risk
SP600_PIT_2019,ACM,us,2019-06-22,,wikipedia:sp600@903017102,medium,equity,us-small-cap,risk
SP600_PIT_2019,ACOR,us,2019-06-22,,wikipedia:sp600@903017102,medium,equity,us-small-cap,risk
SP600_PIT_2019,ACXM,us,2019-06-22,,wikipedia:sp600@903017102,medium,equity,us-small-cap,risk
SP600_PIT_2019,ADNT,us,2019-06-22,,wikipedia:sp600@903017102,medium,equity,us-small-cap,risk
SP600_PIT_2019,ADTN,us,2019-06-22,,wikipedia:sp600@903017102,medium,equity,us-small-cap,risk
SP600_PIT_2019,AEGN,us,2019-06-22,,wikipedia:sp600@903017102,medium,equity,us-small-cap,risk
SP600_PIT_2019,AEIS,us,2019-06-22,,wikipedia:sp600@903017102,medium,equity,us-small-cap,risk
SP600_PIT_2019,AEL,us,2019-06-22,,wikipedia:sp600@903017102,medium,equity,us-small-cap,risk
SP600_PIT_2019,AEO,us,2019-06-22,,wikipedia:sp600@903017102,medium,equity,us-small-cap,risk
SP600_PIT_2019,AFG,us,2019-06-22,,wikipedia:sp600@903017102,medium,equity,us-small-cap,risk
SP600_PIT_2019,AGCO,us,2019-06-22,,wikipedia:sp600@903017102,medium,equity,us-small-cap,risk
SP600_PIT_2019,AGYS,us,2019-06-22,,wikipedia:sp600@903017102,medium,equity,us-small-cap,risk
SP600_PIT_2019,AHH,us,2019-06-22,,wikipedia:sp600@903017102,medium,equity,us-small-cap,risk
SP600_PIT_2019,AHL,us,2019-06-22,,wikipedia:sp600@903017102,medium,equity,us-small-cap,risk
SP600_PIT_2019,AIN,us,2019-06-22,,wikipedia:sp600@903017102,medium,equity,us-small-cap,risk
SP600_PIT_2019,AIR,us,2019-06-22,,wikipedia:sp600@903017102,medium,equity,us-small-cap,risk
SP600_PIT_2019,AIT,us,2019-06-22,,wikipedia:sp600@903017102,medium,equity,us-small-cap,risk
SP600_PIT_2019,AJRD,us,2019-06-22,,wikipedia:sp600@903017102,medium,equity,us-small-cap,risk
SP600_PIT_2019,AKR,us,2019-06-22,,wikipedia:sp600@903017102,medium,equity,us-small-cap,risk
SP600_PIT_2019,AKRX,us,2019-06-22,,wikipedia:sp600@903017102,medium,equity,us-small-cap,risk
SP600_PIT_2019,AKS,us,2019-06-22,,wikipedia:sp600@903017102,medium,equity,us-small-cap,risk
SP600_PIT_2019,ALE,us,2019-06-22,,wikipedia:sp600@903017102,medium,equity,us-small-cap,risk
SP600_PIT_2019,ALEX,us,2019-06-22,,wikipedia:sp600@903017102,medium,equity,us-small-cap,risk
SP600_PIT_2019,ALG,us,2019-06-22,,wikipedia:sp600@903017102,medium,equity,us-small-cap,risk
SP600_PIT_2019,ALGT,us,2019-06-22,,wikipedia:sp600@903017102,medium,equity,us-small-cap,risk
SP600_PIT_2019,ALRM,us,2019-06-22,,wikipedia:sp600@903017102,medium,equity,us-small-cap,risk
SP600_PIT_2019,AMAG,us,2019-06-22,,wikipedia:sp600@903017102,medium,equity,us-small-cap,risk
SP600_PIT_2019,AMBC,us,2019-06-22,,wikipedia:sp600@903017102,medium,equity,us-small-cap,risk
SP600_PIT_2019,AMCX,us,2019-06-22,,wikipedia:sp600@903017102,medium,equity,us-small-cap,risk
SP600_PIT_2019,AMED,us,2019-06-22,,wikipedia:sp600@903017102,medium,equity,us-small-cap,risk
SP600_PIT_2019,AMN,us,2019-06-22,,wikipedia:sp600@903017102,medium,equity,us-small-cap,risk
SP600_PIT_2019,AMPH,us,2019-06-22,,wikipedia:sp600@903017102,medium,equity,us-small-cap,risk
SP600_PIT_2019,AMSF,us,2019-06-22,,wikipedia:sp600@903017102,medium,equity,us-small-cap,risk
SP600_PIT_2019,AMWD,us,2019-06-22,,wikipedia:sp600@903017102,medium,equity,us-small-cap,risk
SP600_PIT_2019,AN,us,2019-06-22,,wikipedia:sp600@903017102,medium,equity,us-small-cap,risk
SP600_PIT_2019,ANDE,us,2019-06-22,,wikipedia:sp600@903017102,medium,equity,us-small-cap,risk
SP600_PIT_2019,ANF,us,2019-06-22,,wikipedia:sp600@903017102,medium,equity,us-small-cap,risk
SP600_PIT_2019,ANGO,us,2019-06-22,,wikipedia:sp600@903017102,medium,equity,us-small-cap,risk
SP600_PIT_2019,ANIK,us,2019-06-22,,wikipedia:sp600@903017102,medium,equity,us-small-cap,risk
SP600_PIT_2019,ANIP,us,2019-06-22,,wikipedia:sp600@903017102,medium,equity,us-small-cap,risk
SP600_PIT_2019,APEI,us,2019-06-22,,wikipedia:sp600@903017102,medium,equity,us-small-cap,risk
SP600_PIT_2019,APOG,us,2019-06-22,,wikipedia:sp600@903017102,medium,equity,us-small-cap,risk
SP600_PIT_2019,APY,us,2019-06-22,,wikipedia:sp600@903017102,medium,equity,us-small-cap,risk
SP600_PIT_2019,ARCB,us,2019-06-22,,wikipedia:sp600@903017102,medium,equity,us-small-cap,risk
SP600_PIT_2019,ARI,us,2019-06-22,,wikipedia:sp600@903017102,medium,equity,us-small-cap,risk
SP600_PIT_2019,AROC,us,2019-06-22,,wikipedia:sp600@903017102,medium,equity,us-small-cap,risk
SP600_PIT_2019,ARR,us,2019-06-22,,wikipedia:sp600@903017102,medium,equity,us-small-cap,risk
SP600_PIT_2019,ARRS,us,2019-06-22,,wikipedia:sp600@903017102,medium,equity,us-small-cap,risk
SP600_PIT_2019,ARW,us,2019-06-22,,wikipedia:sp600@903017102,medium,equity,us-small-cap,risk
SP600_PIT_2019,ASB,us,2019-06-22,,wikipedia:sp600@903017102,medium,equity,us-small-cap,risk
SP600_PIT_2019,ASGN,us,2019-06-22,,wikipedia:sp600@903017102,medium,equity,us-small-cap,risk
SP600_PIT_2019,ASH,us,2019-06-22,,wikipedia:sp600@903017102,medium,equity,us-small-cap,risk
SP600_PIT_2019,ASIX,us,2019-06-22,,wikipedia:sp600@903017102,medium,equity,us-small-cap,risk
SP600_PIT_2019,ASNA,us,2019-06-22,,wikipedia:sp600@903017102,medium,equity,us-small-cap,risk
SP600_PIT_2019,ASRT,us,2019-06-22,,wikipedia:sp600@903017102,medium,equity,us-small-cap,risk
SP600_PIT_2019,ASTE,us,2019-06-22,,wikipedia:sp600@903017102,medium,equity,us-small-cap,risk
SP600_PIT_2019,ATGE,us,2019-06-22,,wikipedia:sp600@903017102,medium,equity,us-small-cap,risk
SP600_PIT_2019,ATI,us,2019-06-22,,wikipedia:sp600@903017102,medium,equity,us-small-cap,risk
SP600_PIT_2019,ATNI,us,2019-06-22,,wikipedia:sp600@903017102,medium,equity,us-small-cap,risk
SP600_PIT_2019,ATO,us,2019-06-22,,wikipedia:sp600@903017102,medium,equity,us-small-cap,risk
SP600_PIT_2019,ATR,us,2019-06-22,,wikipedia:sp600@903017102,medium,equity,us-small-cap,risk
SP600_PIT_2019,ATU,us,2019-06-22,,wikipedia:sp600@903017102,medium,equity,us-small-cap,risk
SP600_PIT_2019,AVA,us,2019-06-22,,wikipedia:sp600@903017102,medium,equity,us-small-cap,risk
SP600_PIT_2019,AVAV,us,2019-06-22,,wikipedia:sp600@903017102,medium,equity,us-small-cap,risk
SP600_PIT_2019,AVD,us,2019-06-22,,wikipedia:sp600@903017102,medium,equity,us-small-cap,risk
SP600_PIT_2019,AVNS,us,2019-06-22,,wikipedia:sp600@903017102,medium,equity,us-small-cap,risk
SP600_PIT_2019,AVP,us,2019-06-22,,wikipedia:sp600@903017102,medium,equity,us-small-cap,risk
SP600_PIT_2019,AVT,us,2019-06-22,,wikipedia:sp600@903017102,medium,equity,us-small-cap,risk
SP600_PIT_2019,AWR,us,2019-06-22,,wikipedia:sp600@903017102,medium,equity,us-small-cap,risk
SP600_PIT_2019,AXE,us,2019-06-22,,wikipedia:sp600@903017102,medium,equity,us-small-cap,risk
SP600_PIT_2019,AXL,us,2019-06-22,,wikipedia:sp600@903017102,medium,equity,us-small-cap,risk
SP600_PIT_2019,AYI,us,2019-06-22,,wikipedia:sp600@903017102,medium,equity,us-small-cap,risk
SP600_PIT_2019,AZZ,us,2019-06-22,,wikipedia:sp600@903017102,medium,equity,us-small-cap,risk
SP600_PIT_2019,B,us,2019-06-22,,wikipedia:sp600@903017102,medium,equity,us-small-cap,risk
SP600_PIT_2019,BABY,us,2019-06-22,,wikipedia:sp600@903017102,medium,equity,us-small-cap,risk
SP600_PIT_2019,BANC,us,2019-06-22,,wikipedia:sp600@903017102,medium,equity,us-small-cap,risk
SP600_PIT_2019,BANR,us,2019-06-22,,wikipedia:sp600@903017102,medium,equity,us-small-cap,risk
SP600_PIT_2019,BBBY,us,2019-06-22,,wikipedia:sp600@903017102,medium,equity,us-small-cap,risk
SP600_PIT_2019,BC,us,2019-06-22,,wikipedia:sp600@903017102,medium,equity,us-small-cap,risk
SP600_PIT_2019,BCC,us,2019-06-22,,wikipedia:sp600@903017102,medium,equity,us-small-cap,risk
SP600_PIT_2019,BCEI,us,2019-06-22,,wikipedia:sp600@903017102,medium,equity,us-small-cap,risk
SP600_PIT_2019,BCO,us,2019-06-22,,wikipedia:sp600@903017102,medium,equity,us-small-cap,risk
SP600_PIT_2019,BCOR,us,2019-06-22,,wikipedia:sp600@903017102,medium,equity,us-small-cap,risk
SP600_PIT_2019,BCPC,us,2019-06-22,,wikipedia:sp600@903017102,medium,equity,us-small-cap,risk
SP600_PIT_2019,BDC,us,2019-06-22,,wikipedia:sp600@903017102,medium,equity,us-small-cap,risk
SP600_PIT_2019,BEAT,us,2019-06-22,,wikipedia:sp600@903017102,medium,equity,us-small-cap,risk
SP600_PIT_2019,BEL,us,2019-06-22,,wikipedia:sp600@903017102,medium,equity,us-small-cap,risk
SP600_PIT_2019,BELFB,us,2019-06-22,,wikipedia:sp600@903017102,medium,equity,us-small-cap,risk
SP600_PIT_2019,BFS,us,2019-06-22,,wikipedia:sp600@903017102,medium,equity,us-small-cap,risk
SP600_PIT_2019,BGFV,us,2019-06-22,,wikipedia:sp600@903017102,medium,equity,us-small-cap,risk
SP600_PIT_2019,BGG,us,2019-06-22,,wikipedia:sp600@903017102,medium,equity,us-small-cap,risk
SP600_PIT_2019,BGS,us,2019-06-22,,wikipedia:sp600@903017102,medium,equity,us-small-cap,risk
SP600_PIT_2019,BHE,us,2019-06-22,,wikipedia:sp600@903017102,medium,equity,us-small-cap,risk
SP600_PIT_2019,BHLB,us,2019-06-22,,wikipedia:sp600@903017102,medium,equity,us-small-cap,risk
SP600_PIT_2019,BID,us,2019-06-22,,wikipedia:sp600@903017102,medium,equity,us-small-cap,risk
SP600_PIT_2019,BIG,us,2019-06-22,,wikipedia:sp600@903017102,medium,equity,us-small-cap,risk
SP600_PIT_2019,BIO,us,2019-06-22,,wikipedia:sp600@903017102,medium,equity,us-small-cap,risk
SP600_PIT_2019,BJRI,us,2019-06-22,,wikipedia:sp600@903017102,medium,equity,us-small-cap,risk
SP600_PIT_2019,BKE,us,2019-06-22,,wikipedia:sp600@903017102,medium,equity,us-small-cap,risk
SP600_PIT_2019,BKH,us,2019-06-22,,wikipedia:sp600@903017102,medium,equity,us-small-cap,risk
SP600_PIT_2019,BKS,us,2019-06-22,,wikipedia:sp600@903017102,medium,equity,us-small-cap,risk
SP600_PIT_2019,BLD,us,2019-06-22,,wikipedia:sp600@903017102,medium,equity,us-small-cap,risk
SP600_PIT_2019,BLKB,us,2019-06-22,,wikipedia:sp600@903017102,medium,equity,us-small-cap,risk
SP600_PIT_2019,BMI,us,2019-06-22,,wikipedia:sp600@903017102,medium,equity,us-small-cap,risk
SP600_PIT_2019,BMS,us,2019-06-22,,wikipedia:sp600@903017102,medium,equity,us-small-cap,risk
SP600_PIT_2019,BNED,us,2019-06-22,,wikipedia:sp600@903017102,medium,equity,us-small-cap,risk
SP600_PIT_2019,BOFI,us,2019-06-22,,wikipedia:sp600@903017102,medium,equity,us-small-cap,risk
SP600_PIT_2019,BOH,us,2019-06-22,,wikipedia:sp600@903017102,medium,equity,us-small-cap,risk
SP600_PIT_2019,BPFH,us,2019-06-22,,wikipedia:sp600@903017102,medium,equity,us-small-cap,risk
SP600_PIT_2019,BRC,us,2019-06-22,,wikipedia:sp600@903017102,medium,equity,us-small-cap,risk
SP600_PIT_2019,BRKL,us,2019-06-22,,wikipedia:sp600@903017102,medium,equity,us-small-cap,risk
SP600_PIT_2019,BRKS,us,2019-06-22,,wikipedia:sp600@903017102,medium,equity,us-small-cap,risk
SP600_PIT_2019,BRO,us,2019-06-22,,wikipedia:sp600@903017102,medium,equity,us-small-cap,risk
SP600_PIT_2019,BRS,us,2019-06-22,,wikipedia:sp600@903017102,medium,equity,us-small-cap,risk
SP600_PIT_2019,BXS,us,2019-06-22,,wikipedia:sp600@903017102,medium,equity,us-small-cap,risk
SP600_PIT_2019,BYD,us,2019-06-22,,wikipedia:sp600@903017102,medium,equity,us-small-cap,risk
SP600_PIT_2019,CABO,us,2019-06-22,,wikipedia:sp600@903017102,medium,equity,us-small-cap,risk
SP600_PIT_2019,CACI,us,2019-06-22,,wikipedia:sp600@903017102,medium,equity,us-small-cap,risk
SP600_PIT_2019,CAKE,us,2019-06-22,,wikipedia:sp600@903017102,medium,equity,us-small-cap,risk
SP600_PIT_2019,CAL,us,2019-06-22,,wikipedia:sp600@903017102,medium,equity,us-small-cap,risk
SP600_PIT_2019,CALM,us,2019-06-22,,wikipedia:sp600@903017102,medium,equity,us-small-cap,risk
SP600_PIT_2019,CAMP,us,2019-06-22,,wikipedia:sp600@903017102,medium,equity,us-small-cap,risk
SP600_PIT_2019,CAR,us,2019-06-22,,wikipedia:sp600@903017102,medium,equity,us-small-cap,risk
SP600_PIT_2019,CARS,us,2019-06-22,,wikipedia:sp600@903017102,medium,equity,us-small-cap,risk
SP600_PIT_2019,CASH,us,2019-06-22,,wikipedia:sp600@903017102,medium,equity,us-small-cap,risk
SP600_PIT_2019,CASY,us,2019-06-22,,wikipedia:sp600@903017102,medium,equity,us-small-cap,risk
SP600_PIT_2019,CATM,us,2019-06-22,,wikipedia:sp600@903017102,medium,equity,us-small-cap,risk
SP600_PIT_2019,CATO,us,2019-06-22,,wikipedia:sp600@903017102,medium,equity,us-small-cap,risk
SP600_PIT_2019,CATY,us,2019-06-22,,wikipedia:sp600@903017102,medium,equity,us-small-cap,risk
SP600_PIT_2019,CBB,us,2019-06-22,,wikipedia:sp600@903017102,medium,equity,us-small-cap,risk
SP600_PIT_2019,CBL,us,2019-06-22,,wikipedia:sp600@903017102,medium,equity,us-small-cap,risk
SP600_PIT_2019,CBM,us,2019-06-22,,wikipedia:sp600@903017102,medium,equity,us-small-cap,risk
SP600_PIT_2019,CBRL,us,2019-06-22,,wikipedia:sp600@903017102,medium,equity,us-small-cap,risk
SP600_PIT_2019,CBSH,us,2019-06-22,,wikipedia:sp600@903017102,medium,equity,us-small-cap,risk
SP600_PIT_2019,CBT,us,2019-06-22,,wikipedia:sp600@903017102,medium,equity,us-small-cap,risk
SP600_PIT_2019,CBU,us,2019-06-22,,wikipedia:sp600@903017102,medium,equity,us-small-cap,risk
SP600_PIT_2019,CC,us,2019-06-22,,wikipedia:sp600@903017102,medium,equity,us-small-cap,risk
SP600_PIT_2019,CCMP,us,2019-06-22,,wikipedia:sp600@903017102,medium,equity,us-small-cap,risk
SP600_PIT_2019,CCOI,us,2019-06-22,,wikipedia:sp600@903017102,medium,equity,us-small-cap,risk
SP600_PIT_2019,CCRN,us,2019-06-22,,wikipedia:sp600@903017102,medium,equity,us-small-cap,risk
SP600_PIT_2019,CDK,us,2019-06-22,,wikipedia:sp600@903017102,medium,equity,us-small-cap,risk
SP600_PIT_2019,CDR,us,2019-06-22,,wikipedia:sp600@903017102,medium,equity,us-small-cap,risk
SP600_PIT_2019,CECO,us,2019-06-22,,wikipedia:sp600@903017102,medium,equity,us-small-cap,risk
SP600_PIT_2019,CEIX,us,2019-06-22,,wikipedia:sp600@903017102,medium,equity,us-small-cap,risk
SP600_PIT_2019,CENT,us,2019-06-22,,wikipedia:sp600@903017102,medium,equity,us-small-cap,risk
SP600_PIT_2019,CENTA,us,2019-06-22,,wikipedia:sp600@903017102,medium,equity,us-small-cap,risk
SP600_PIT_2019,CENX,us,2019-06-22,,wikipedia:sp600@903017102,medium,equity,us-small-cap,risk
SP600_PIT_2019,CEVA,us,2019-06-22,,wikipedia:sp600@903017102,medium,equity,us-small-cap,risk
SP600_PIT_2019,CFR,us,2019-06-22,,wikipedia:sp600@903017102,medium,equity,us-small-cap,risk
SP600_PIT_2019,CGNX,us,2019-06-22,,wikipedia:sp600@903017102,medium,equity,us-small-cap,risk
SP600_PIT_2019,CHCO,us,2019-06-22,,wikipedia:sp600@903017102,medium,equity,us-small-cap,risk
SP600_PIT_2019,CHCT,us,2019-06-22,,wikipedia:sp600@903017102,medium,equity,us-small-cap,risk
SP600_PIT_2019,CHDN,us,2019-06-22,,wikipedia:sp600@903017102,medium,equity,us-small-cap,risk
SP600_PIT_2019,CHE,us,2019-06-22,,wikipedia:sp600@903017102,medium,equity,us-small-cap,risk
SP600_PIT_2019,CHFC,us,2019-06-22,,wikipedia:sp600@903017102,medium,equity,us-small-cap,risk
SP600_PIT_2019,CHK,us,2019-06-22,,wikipedia:sp600@903017102,medium,equity,us-small-cap,risk
SP600_PIT_2019,CHS,us,2019-06-22,,wikipedia:sp600@903017102,medium,equity,us-small-cap,risk
SP600_PIT_2019,CHSP,us,2019-06-22,,wikipedia:sp600@903017102,medium,equity,us-small-cap,risk
SP600_PIT_2019,CHUY,us,2019-06-22,,wikipedia:sp600@903017102,medium,equity,us-small-cap,risk
SP600_PIT_2019,CIEN,us,2019-06-22,,wikipedia:sp600@903017102,medium,equity,us-small-cap,risk
SP600_PIT_2019,CIR,us,2019-06-22,,wikipedia:sp600@903017102,medium,equity,us-small-cap,risk
SP600_PIT_2019,CJ,us,2019-06-22,,wikipedia:sp600@903017102,medium,equity,us-small-cap,risk
SP600_PIT_2019,CKH,us,2019-06-22,,wikipedia:sp600@903017102,medium,equity,us-small-cap,risk
SP600_PIT_2019,CLB,us,2019-06-22,,wikipedia:sp600@903017102,medium,equity,us-small-cap,risk
SP600_PIT_2019,CLD,us,2019-06-22,,wikipedia:sp600@903017102,medium,equity,us-small-cap,risk
SP600_PIT_2019,CLDT,us,2019-06-22,,wikipedia:sp600@903017102,medium,equity,us-small-cap,risk
SP600_PIT_2019,CLGX,us,2019-06-22,,wikipedia:sp600@903017102,medium,equity,us-small-cap,risk
SP600_PIT_2019,CLH,us,2019-06-22,,wikipedia:sp600@903017102,medium,equity,us-small-cap,risk
SP600_PIT_2019,CLI,us,2019-06-22,,wikipedia:sp600@903017102,medium,equity,us-small-cap,risk
SP600_PIT_2019,CLW,us,2019-06-22,,wikipedia:sp600@903017102,medium,equity,us-small-cap,risk
SP600_PIT_2019,CMC,us,2019-06-22,,wikipedia:sp600@903017102,medium,equity,us-small-cap,risk
SP600_PIT_2019,CMD,us,2019-06-22,,wikipedia:sp600@903017102,medium,equity,us-small-cap,risk
SP600_PIT_2019,CMO,us,2019-06-22,,wikipedia:sp600@903017102,medium,equity,us-small-cap,risk
SP600_PIT_2019,CMP,us,2019-06-22,,wikipedia:sp600@903017102,medium,equity,us-small-cap,risk
SP600_PIT_2019,CMTL,us,2019-06-22,,wikipedia:sp600@903017102,medium,equity,us-small-cap,risk
SP600_PIT_2019,CNK,us,2019-06-22,,wikipedia:sp600@903017102,medium,equity,us-small-cap,risk
SP600_PIT_2019,CNMD,us,2019-06-22,,wikipedia:sp600@903017102,medium,equity,us-small-cap,risk
SP600_PIT_2019,CNO,us,2019-06-22,,wikipedia:sp600@903017102,medium,equity,us-small-cap,risk
SP600_PIT_2019,CNSL,us,2019-06-22,,wikipedia:sp600@903017102,medium,equity,us-small-cap,risk
SP600_PIT_2019,CNX,us,2019-06-22,,wikipedia:sp600@903017102,medium,equity,us-small-cap,risk
SP600_PIT_2019,COHR,us,2019-06-22,,wikipedia:sp600@903017102,medium,equity,us-small-cap,risk
SP600_PIT_2019,COHU,us,2019-06-22,,wikipedia:sp600@903017102,medium,equity,us-small-cap,risk
SP600_PIT_2019,COKE,us,2019-06-22,,wikipedia:sp600@903017102,medium,equity,us-small-cap,risk
SP600_PIT_2019,COLB,us,2019-06-22,,wikipedia:sp600@903017102,medium,equity,us-small-cap,risk
SP600_PIT_2019,CONE,us,2019-06-22,,wikipedia:sp600@903017102,medium,equity,us-small-cap,risk
SP600_PIT_2019,COR,us,2019-06-22,,wikipedia:sp600@903017102,medium,equity,us-small-cap,risk
SP600_PIT_2019,CORE,us,2019-06-22,,wikipedia:sp600@903017102,medium,equity,us-small-cap,risk
SP600_PIT_2019,CORT,us,2019-06-22,,wikipedia:sp600@903017102,medium,equity,us-small-cap,risk
SP600_PIT_2019,CPE,us,2019-06-22,,wikipedia:sp600@903017102,medium,equity,us-small-cap,risk
SP600_PIT_2019,CPF,us,2019-06-22,,wikipedia:sp600@903017102,medium,equity,us-small-cap,risk
SP600_PIT_2019,CPS,us,2019-06-22,,wikipedia:sp600@903017102,medium,equity,us-small-cap,risk
SP600_PIT_2019,CPSI,us,2019-06-22,,wikipedia:sp600@903017102,medium,equity,us-small-cap,risk
SP600_PIT_2019,CPT,us,2019-06-22,,wikipedia:sp600@903017102,medium,equity,us-small-cap,risk
SP600_PIT_2019,CR,us,2019-06-22,,wikipedia:sp600@903017102,medium,equity,us-small-cap,risk
SP600_PIT_2019,CRAY,us,2019-06-22,,wikipedia:sp600@903017102,medium,equity,us-small-cap,risk
SP600_PIT_2019,CREE,us,2019-06-22,,wikipedia:sp600@903017102,medium,equity,us-small-cap,risk
SP600_PIT_2019,CRI,us,2019-06-22,,wikipedia:sp600@903017102,medium,equity,us-small-cap,risk
SP600_PIT_2019,CRL,us,2019-06-22,,wikipedia:sp600@903017102,medium,equity,us-small-cap,risk
SP600_PIT_2019,CROX,us,2019-06-22,,wikipedia:sp600@903017102,medium,equity,us-small-cap,risk
SP600_PIT_2019,CRR,us,2019-06-22,,wikipedia:sp600@903017102,medium,equity,us-small-cap,risk
SP600_PIT_2019,CRS,us,2019-06-22,,wikipedia:sp600@903017102,medium,equity,us-small-cap,risk
SP600_PIT_2019,CRUS,us,2019-06-22,,wikipedia:sp600@903017102,medium,equity,us-small-cap,risk
SP600_PIT_2019,CRVL,us,2019-06-22,,wikipedia:sp600@903017102,medium,equity,us-small-cap,risk
SP600_PIT_2019,CRY,us,2019-06-22,,wikipedia:sp600@903017102,medium,equity,us-small-cap,risk
SP600_PIT_2019,CRZO,us,2019-06-22,,wikipedia:sp600@903017102,medium,equity,us-small-cap,risk
SP600_PIT_2019,CSGS,us,2019-06-22,,wikipedia:sp600@903017102,medium,equity,us-small-cap,risk
SP600_PIT_2019,CSL,us,2019-06-22,,wikipedia:sp600@903017102,medium,equity,us-small-cap,risk
SP600_PIT_2019,CTB,us,2019-06-22,,wikipedia:sp600@903017102,medium,equity,us-small-cap,risk
SP600_PIT_2019,CTLT,us,2019-06-22,,wikipedia:sp600@903017102,medium,equity,us-small-cap,risk
SP600_PIT_2019,CTRE,us,2019-06-22,,wikipedia:sp600@903017102,medium,equity,us-small-cap,risk
SP600_PIT_2019,CTRL,us,2019-06-22,,wikipedia:sp600@903017102,medium,equity,us-small-cap,risk
SP600_PIT_2019,CTS,us,2019-06-22,,wikipedia:sp600@903017102,medium,equity,us-small-cap,risk
SP600_PIT_2019,CUB,us,2019-06-22,,wikipedia:sp600@903017102,medium,equity,us-small-cap,risk
SP600_PIT_2019,CUBI,us,2019-06-22,,wikipedia:sp600@903017102,medium,equity,us-small-cap,risk
SP600_PIT_2019,CUTR,us,2019-06-22,,wikipedia:sp600@903017102,medium,equity,us-small-cap,risk
SP600_PIT_2019,CUZ,us,2019-06-22,,wikipedia:sp600@903017102,medium,equity,us-small-cap,risk
SP600_PIT_2019,CVBF,us,2019-06-22,,wikipedia:sp600@903017102,medium,equity,us-small-cap,risk
SP600_PIT_2019,CVCO,us,2019-06-22,,wikipedia:sp600@903017102,medium,equity,us-small-cap,risk
SP600_PIT_2019,CVG,us,2019-06-22,,wikipedia:sp600@903017102,medium,equity,us-small-cap,risk
SP600_PIT_2019,CVGW,us,2019-06-22,,wikipedia:sp600@903017102,medium,equity,us-small-cap,risk
SP600_PIT_2019,CVLT,us,2019-06-22,,wikipedia:sp600@903017102,medium,equity,us-small-cap,risk
SP600_PIT_2019,CW,us,2019-06-22,,wikipedia:sp600@903017102,medium,equity,us-small-cap,risk
SP600_PIT_2019,CWT,us,2019-06-22,,wikipedia:sp600@903017102,medium,equity,us-small-cap,risk
SP600_PIT_2019,CXW,us,2019-06-22,,wikipedia:sp600@903017102,medium,equity,us-small-cap,risk
SP600_PIT_2019,CY,us,2019-06-22,,wikipedia:sp600@903017102,medium,equity,us-small-cap,risk
SP600_PIT_2019,CYH,us,2019-06-22,,wikipedia:sp600@903017102,medium,equity,us-small-cap,risk
SP600_PIT_2019,CYTK,us,2019-06-22,,wikipedia:sp600@903017102,medium,equity,us-small-cap,risk
SP600_PIT_2019,DAKT,us,2019-06-22,,wikipedia:sp600@903017102,medium,equity,us-small-cap,risk
SP600_PIT_2019,DAN,us,2019-06-22,,wikipedia:sp600@903017102,medium,equity,us-small-cap,risk
SP600_PIT_2019,DAR,us,2019-06-22,,wikipedia:sp600@903017102,medium,equity,us-small-cap,risk
SP600_PIT_2019,DBD,us,2019-06-22,,wikipedia:sp600@903017102,medium,equity,us-small-cap,risk
SP600_PIT_2019,DCI,us,2019-06-22,,wikipedia:sp600@903017102,medium,equity,us-small-cap,risk
SP600_PIT_2019,DCOM,us,2019-06-22,,wikipedia:sp600@903017102,medium,equity,us-small-cap,risk
SP600_PIT_2019,DDD,us,2019-06-22,,wikipedia:sp600@903017102,medium,equity,us-small-cap,risk
SP600_PIT_2019,DDS,us,2019-06-22,,wikipedia:sp600@903017102,medium,equity,us-small-cap,risk
SP600_PIT_2019,DEA,us,2019-06-22,,wikipedia:sp600@903017102,medium,equity,us-small-cap,risk
SP600_PIT_2019,DECK,us,2019-06-22,,wikipedia:sp600@903017102,medium,equity,us-small-cap,risk
SP600_PIT_2019,DEI,us,2019-06-22,,wikipedia:sp600@903017102,medium,equity,us-small-cap,risk
SP600_PIT_2019,DF,us,2019-06-22,,wikipedia:sp600@903017102,medium,equity,us-small-cap,risk
SP600_PIT_2019,DFIN,us,2019-06-22,,wikipedia:sp600@903017102,medium,equity,us-small-cap,risk
SP600_PIT_2019,DGII,us,2019-06-22,,wikipedia:sp600@903017102,medium,equity,us-small-cap,risk
SP600_PIT_2019,DIN,us,2019-06-22,,wikipedia:sp600@903017102,medium,equity,us-small-cap,risk
SP600_PIT_2019,DIOD,us,2019-06-22,,wikipedia:sp600@903017102,medium,equity,us-small-cap,risk
SP600_PIT_2019,DKS,us,2019-06-22,,wikipedia:sp600@903017102,medium,equity,us-small-cap,risk
SP600_PIT_2019,DLPH,us,2019-06-22,,wikipedia:sp600@903017102,medium,equity,us-small-cap,risk
SP600_PIT_2019,DLX,us,2019-06-22,,wikipedia:sp600@903017102,medium,equity,us-small-cap,risk
SP600_PIT_2019,DNB,us,2019-06-22,,wikipedia:sp600@903017102,medium,equity,us-small-cap,risk
SP600_PIT_2019,DNKN,us,2019-06-22,,wikipedia:sp600@903017102,medium,equity,us-small-cap,risk
SP600_PIT_2019,DNOW,us,2019-06-22,,wikipedia:sp600@903017102,medium,equity,us-small-cap,risk
SP600_PIT_2019,DNR,us,2019-06-22,,wikipedia:sp600@903017102,medium,equity,us-small-cap,risk
SP600_PIT_2019,DO,us,2019-06-22,,wikipedia:sp600@903017102,medium,equity,us-small-cap,risk
SP600_PIT_2019,DORM,us,2019-06-22,,wikipedia:sp600@903017102,medium,equity,us-small-cap,risk
SP600_PIT_2019,DPLO,us,2019-06-22,,wikipedia:sp600@903017102,medium,equity,us-small-cap,risk
SP600_PIT_2019,DPZ,us,2019-06-22,,wikipedia:sp600@903017102,medium,equity,us-small-cap,risk
SP600_PIT_2019,DRH,us,2019-06-22,,wikipedia:sp600@903017102,medium,equity,us-small-cap,risk
SP600_PIT_2019,DRQ,us,2019-06-22,,wikipedia:sp600@903017102,medium,equity,us-small-cap,risk
SP600_PIT_2019,DSPG,us,2019-06-22,,wikipedia:sp600@903017102,medium,equity,us-small-cap,risk
SP600_PIT_2019,DSW,us,2019-06-22,,wikipedia:sp600@903017102,medium,equity,us-small-cap,risk
SP600_PIT_2019,DXPE,us,2019-06-22,,wikipedia:sp600@903017102,medium,equity,us-small-cap,risk
SP600_PIT_2019,DY,us,2019-06-22,,wikipedia:sp600@903017102,medium,equity,us-small-cap,risk
SP600_PIT_2019,EAT,us,2019-06-22,,wikipedia:sp600@903017102,medium,equity,us-small-cap,risk
SP600_PIT_2019,EBIX,us,2019-06-22,,wikipedia:sp600@903017102,medium,equity,us-small-cap,risk
SP600_PIT_2019,EBS,us,2019-06-22,,wikipedia:sp600@903017102,medium,equity,us-small-cap,risk
SP600_PIT_2019,ECHO,us,2019-06-22,,wikipedia:sp600@903017102,medium,equity,us-small-cap,risk
SP600_PIT_2019,ECOL,us,2019-06-22,,wikipedia:sp600@903017102,medium,equity,us-small-cap,risk
SP600_PIT_2019,ECPG,us,2019-06-22,,wikipedia:sp600@903017102,medium,equity,us-small-cap,risk
SP600_PIT_2019,EDR,us,2019-06-22,,wikipedia:sp600@903017102,medium,equity,us-small-cap,risk
SP600_PIT_2019,EE,us,2019-06-22,,wikipedia:sp600@903017102,medium,equity,us-small-cap,risk
SP600_PIT_2019,EFII,us,2019-06-22,,wikipedia:sp600@903017102,medium,equity,us-small-cap,risk
SP600_PIT_2019,EGHT,us,2019-06-22,,wikipedia:sp600@903017102,medium,equity,us-small-cap,risk
SP600_PIT_2019,EGL,us,2019-06-22,,wikipedia:sp600@903017102,medium,equity,us-small-cap,risk
SP600_PIT_2019,EGN,us,2019-06-22,,wikipedia:sp600@903017102,medium,equity,us-small-cap,risk
SP600_PIT_2019,EGOV,us,2019-06-22,,wikipedia:sp600@903017102,medium,equity,us-small-cap,risk
SP600_PIT_2019,EGP,us,2019-06-22,,wikipedia:sp600@903017102,medium,equity,us-small-cap,risk
SP600_PIT_2019,EGRX,us,2019-06-22,,wikipedia:sp600@903017102,medium,equity,us-small-cap,risk
SP600_PIT_2019,EHC,us,2019-06-22,,wikipedia:sp600@903017102,medium,equity,us-small-cap,risk
SP600_PIT_2019,EHTH,us,2019-06-22,,wikipedia:sp600@903017102,medium,equity,us-small-cap,risk
SP600_PIT_2019,EIG,us,2019-06-22,,wikipedia:sp600@903017102,medium,equity,us-small-cap,risk
SP600_PIT_2019,ELY,us,2019-06-22,,wikipedia:sp600@903017102,medium,equity,us-small-cap,risk
SP600_PIT_2019,EME,us,2019-06-22,,wikipedia:sp600@903017102,medium,equity,us-small-cap,risk
SP600_PIT_2019,ENDP,us,2019-06-22,,wikipedia:sp600@903017102,medium,equity,us-small-cap,risk
SP600_PIT_2019,ENR,us,2019-06-22,,wikipedia:sp600@903017102,medium,equity,us-small-cap,risk
SP600_PIT_2019,ENS,us,2019-06-22,,wikipedia:sp600@903017102,medium,equity,us-small-cap,risk
SP600_PIT_2019,ENSG,us,2019-06-22,,wikipedia:sp600@903017102,medium,equity,us-small-cap,risk
SP600_PIT_2019,ENTA,us,2019-06-22,,wikipedia:sp600@903017102,medium,equity,us-small-cap,risk
SP600_PIT_2019,ENVA,us,2019-06-22,,wikipedia:sp600@903017102,medium,equity,us-small-cap,risk
SP600_PIT_2019,EPAY,us,2019-06-22,,wikipedia:sp600@903017102,medium,equity,us-small-cap,risk
SP600_PIT_2019,EPC,us,2019-06-22,,wikipedia:sp600@903017102,medium,equity,us-small-cap,risk
SP600_PIT_2019,EPR,us,2019-06-22,,wikipedia:sp600@903017102,medium,equity,us-small-cap,risk
SP600_PIT_2019,ERA,us,2019-06-22,,wikipedia:sp600@903017102,medium,equity,us-small-cap,risk
SP600_PIT_2019,ERI,us,2019-06-22,,wikipedia:sp600@903017102,medium,equity,us-small-cap,risk
SP600_PIT_2019,ESE,us,2019-06-22,,wikipedia:sp600@903017102,medium,equity,us-small-cap,risk
SP600_PIT_2019,ESIO,us,2019-06-22,,wikipedia:sp600@903017102,medium,equity,us-small-cap,risk
SP600_PIT_2019,ESL,us,2019-06-22,,wikipedia:sp600@903017102,medium,equity,us-small-cap,risk
SP600_PIT_2019,ESND,us,2019-06-22,,wikipedia:sp600@903017102,medium,equity,us-small-cap,risk
SP600_PIT_2019,ESV,us,2019-06-22,,wikipedia:sp600@903017102,medium,equity,us-small-cap,risk
SP600_PIT_2019,ETH,us,2019-06-22,,wikipedia:sp600@903017102,medium,equity,us-small-cap,risk
SP600_PIT_2019,EV,us,2019-06-22,,wikipedia:sp600@903017102,medium,equity,us-small-cap,risk
SP600_PIT_2019,EVR,us,2019-06-22,,wikipedia:sp600@903017102,medium,equity,us-small-cap,risk
SP600_PIT_2019,EVTC,us,2019-06-22,,wikipedia:sp600@903017102,medium,equity,us-small-cap,risk
SP600_PIT_2019,EWBC,us,2019-06-22,,wikipedia:sp600@903017102,medium,equity,us-small-cap,risk
SP600_PIT_2019,EXEL,us,2019-06-22,,wikipedia:sp600@903017102,medium,equity,us-small-cap,risk
SP600_PIT_2019,EXLS,us,2019-06-22,,wikipedia:sp600@903017102,medium,equity,us-small-cap,risk
SP600_PIT_2019,EXP,us,2019-06-22,,wikipedia:sp600@903017102,medium,equity,us-small-cap,risk
SP600_PIT_2019,EXPO,us,2019-06-22,,wikipedia:sp600@903017102,medium,equity,us-small-cap,risk
SP600_PIT_2019,EXPR,us,2019-06-22,,wikipedia:sp600@903017102,medium,equity,us-small-cap,risk
SP600_PIT_2019,EXTN,us,2019-06-22,,wikipedia:sp600@903017102,medium,equity,us-small-cap,risk
SP600_PIT_2019,EXTR,us,2019-06-22,,wikipedia:sp600@903017102,medium,equity,us-small-cap,risk
SP600_PIT_2019,EZPW,us,2019-06-22,,wikipedia:sp600@903017102,medium,equity,us-small-cap,risk
SP600_PIT_2019,FAF,us,2019-06-22,,wikipedia:sp600@903017102,medium,equity,us-small-cap,risk
SP600_PIT_2019,FARO,us,2019-06-22,,wikipedia:sp600@903017102,medium,equity,us-small-cap,risk
SP600_PIT_2019,FBP,us,2019-06-22,,wikipedia:sp600@903017102,medium,equity,us-small-cap,risk
SP600_PIT_2019,FCF,us,2019-06-22,,wikipedia:sp600@903017102,medium,equity,us-small-cap,risk
SP600_PIT_2019,FCFS,us,2019-06-22,,wikipedia:sp600@903017102,medium,equity,us-small-cap,risk
SP600_PIT_2019,FCN,us,2019-06-22,,wikipedia:sp600@903017102,medium,equity,us-small-cap,risk
SP600_PIT_2019,FCPT,us,2019-06-22,,wikipedia:sp600@903017102,medium,equity,us-small-cap,risk
SP600_PIT_2019,FDS,us,2019-06-22,,wikipedia:sp600@903017102,medium,equity,us-small-cap,risk
SP600_PIT_2019,FELE,us,2019-06-22,,wikipedia:sp600@903017102,medium,equity,us-small-cap,risk
SP600_PIT_2019,FF,us,2019-06-22,,wikipedia:sp600@903017102,medium,equity,us-small-cap,risk
SP600_PIT_2019,FFBC,us,2019-06-22,,wikipedia:sp600@903017102,medium,equity,us-small-cap,risk
SP600_PIT_2019,FFIN,us,2019-06-22,,wikipedia:sp600@903017102,medium,equity,us-small-cap,risk
SP600_PIT_2019,FHN,us,2019-06-22,,wikipedia:sp600@903017102,medium,equity,us-small-cap,risk
SP600_PIT_2019,FICO,us,2019-06-22,,wikipedia:sp600@903017102,medium,equity,us-small-cap,risk
SP600_PIT_2019,FII,us,2019-06-22,,wikipedia:sp600@903017102,medium,equity,us-small-cap,risk
SP600_PIT_2019,FIVE,us,2019-06-22,,wikipedia:sp600@903017102,medium,equity,us-small-cap,risk
SP600_PIT_2019,FIX,us,2019-06-22,,wikipedia:sp600@903017102,medium,equity,us-small-cap,risk
SP600_PIT_2019,FLO,us,2019-06-22,,wikipedia:sp600@903017102,medium,equity,us-small-cap,risk
SP600_PIT_2019,FLOW,us,2019-06-22,,wikipedia:sp600@903017102,medium,equity,us-small-cap,risk
SP600_PIT_2019,FMBI,us,2019-06-22,,wikipedia:sp600@903017102,medium,equity,us-small-cap,risk
SP600_PIT_2019,FN,us,2019-06-22,,wikipedia:sp600@903017102,medium,equity,us-small-cap,risk
SP600_PIT_2019,FNB,us,2019-06-22,,wikipedia:sp600@903017102,medium,equity,us-small-cap,risk
SP600_PIT_2019,FNSR,us,2019-06-22,,wikipedia:sp600@903017102,medium,equity,us-small-cap,risk
SP600_PIT_2019,FORM,us,2019-06-22,,wikipedia:sp600@903017102,medium,equity,us-small-cap,risk
SP600_PIT_2019,FORR,us,2019-06-22,,wikipedia:sp600@903017102,medium,equity,us-small-cap,risk
SP600_PIT_2019,FOSL,us,2019-06-22,,wikipedia:sp600@903017102,medium,equity,us-small-cap,risk
SP600_PIT_2019,FOXF,us,2019-06-22,,wikipedia:sp600@903017102,medium,equity,us-small-cap,risk
SP600_PIT_2019,FR,us,2019-06-22,,wikipedia:sp600@903017102,medium,equity,us-small-cap,risk
SP600_PIT_2019,FRAN,us,2019-06-22,,wikipedia:sp600@903017102,medium,equity,us-small-cap,risk
SP600_PIT_2019,FRGI,us,2019-06-22,,wikipedia:sp600@903017102,medium,equity,us-small-cap,risk
SP600_PIT_2019,FSB,us,2019-06-22,,wikipedia:sp600@903017102,medium,equity,us-small-cap,risk
SP600_PIT_2019,FSLR,us,2019-06-22,,wikipedia:sp600@903017102,medium,equity,us-small-cap,risk
SP600_PIT_2019,FSP,us,2019-06-22,,wikipedia:sp600@903017102,medium,equity,us-small-cap,risk
SP600_PIT_2019,FSS,us,2019-06-22,,wikipedia:sp600@903017102,medium,equity,us-small-cap,risk
SP600_PIT_2019,FTD,us,2019-06-22,,wikipedia:sp600@903017102,medium,equity,us-small-cap,risk
SP600_PIT_2019,FTK,us,2019-06-22,,wikipedia:sp600@903017102,medium,equity,us-small-cap,risk
SP600_PIT_2019,FTNT,us,2019-06-22,,wikipedia:sp600@903017102,medium,equity,us-small-cap,risk
SP600_PIT_2019,FTR,us,2019-06-22,,wikipedia:sp600@903017102,medium,equity,us-small-cap,risk
SP600_PIT_2019,FUL,us,2019-06-22,,wikipedia:sp600@903017102,medium,equity,us-small-cap,risk
SP600_PIT_2019,FULT,us,2019-06-22,,wikipedia:sp600@903017102,medium,equity,us-small-cap,risk
SP600_PIT_2019,FWRD,us,2019-06-22,,wikipedia:sp600@903017102,medium,equity,us-small-cap,risk
SP600_PIT_2019,GATX,us,2019-06-22,,wikipedia:sp600@903017102,medium,equity,us-small-cap,risk
SP600_PIT_2019,GBCI,us,2019-06-22,,wikipedia:sp600@903017102,medium,equity,us-small-cap,risk
SP600_PIT_2019,GBX,us,2019-06-22,,wikipedia:sp600@903017102,medium,equity,us-small-cap,risk
SP600_PIT_2019,GCI,us,2019-06-22,,wikipedia:sp600@903017102,medium,equity,us-small-cap,risk
SP600_PIT_2019,GCO,us,2019-06-22,,wikipedia:sp600@903017102,medium,equity,us-small-cap,risk
SP600_PIT_2019,GDOT,us,2019-06-22,,wikipedia:sp600@903017102,medium,equity,us-small-cap,risk
SP600_PIT_2019,GEF,us,2019-06-22,,wikipedia:sp600@903017102,medium,equity,us-small-cap,risk
SP600_PIT_2019,GEO,us,2019-06-22,,wikipedia:sp600@903017102,medium,equity,us-small-cap,risk
SP600_PIT_2019,GEOS,us,2019-06-22,,wikipedia:sp600@903017102,medium,equity,us-small-cap,risk
SP600_PIT_2019,GES,us,2019-06-22,,wikipedia:sp600@903017102,medium,equity,us-small-cap,risk
SP600_PIT_2019,GFF,us,2019-06-22,,wikipedia:sp600@903017102,medium,equity,us-small-cap,risk
SP600_PIT_2019,GGG,us,2019-06-22,,wikipedia:sp600@903017102,medium,equity,us-small-cap,risk
SP600_PIT_2019,GHC,us,2019-06-22,,wikipedia:sp600@903017102,medium,equity,us-small-cap,risk
SP600_PIT_2019,GHL,us,2019-06-22,,wikipedia:sp600@903017102,medium,equity,us-small-cap,risk
SP600_PIT_2019,GIFI,us,2019-06-22,,wikipedia:sp600@903017102,medium,equity,us-small-cap,risk
SP600_PIT_2019,GIII,us,2019-06-22,,wikipedia:sp600@903017102,medium,equity,us-small-cap,risk
SP600_PIT_2019,GLT,us,2019-06-22,,wikipedia:sp600@903017102,medium,equity,us-small-cap,risk
SP600_PIT_2019,GME,us,2019-06-22,,wikipedia:sp600@903017102,medium,equity,us-small-cap,risk
SP600_PIT_2019,GMED,us,2019-06-22,,wikipedia:sp600@903017102,medium,equity,us-small-cap,risk
SP600_PIT_2019,GNBC,us,2019-06-22,,wikipedia:sp600@903017102,medium,equity,us-small-cap,risk
SP600_PIT_2019,GNL,us,2019-06-22,,wikipedia:sp600@903017102,medium,equity,us-small-cap,risk
SP600_PIT_2019,GNTX,us,2019-06-22,,wikipedia:sp600@903017102,medium,equity,us-small-cap,risk
SP600_PIT_2019,GNW,us,2019-06-22,,wikipedia:sp600@903017102,medium,equity,us-small-cap,risk
SP600_PIT_2019,GOV,us,2019-06-22,,wikipedia:sp600@903017102,medium,equity,us-small-cap,risk
SP600_PIT_2019,GPI,us,2019-06-22,,wikipedia:sp600@903017102,medium,equity,us-small-cap,risk
SP600_PIT_2019,GPOR,us,2019-06-22,,wikipedia:sp600@903017102,medium,equity,us-small-cap,risk
SP600_PIT_2019,GPRE,us,2019-06-22,,wikipedia:sp600@903017102,medium,equity,us-small-cap,risk
SP600_PIT_2019,GTLS,us,2019-06-22,,wikipedia:sp600@903017102,medium,equity,us-small-cap,risk
SP600_PIT_2019,GTY,us,2019-06-22,,wikipedia:sp600@903017102,medium,equity,us-small-cap,risk
SP600_PIT_2019,GVA,us,2019-06-22,,wikipedia:sp600@903017102,medium,equity,us-small-cap,risk
SP600_PIT_2019,GWB,us,2019-06-22,,wikipedia:sp600@903017102,medium,equity,us-small-cap,risk
SP600_PIT_2019,GWR,us,2019-06-22,,wikipedia:sp600@903017102,medium,equity,us-small-cap,risk
SP600_PIT_2019,HA,us,2019-06-22,,wikipedia:sp600@903017102,medium,equity,us-small-cap,risk
SP600_PIT_2019,HAE,us,2019-06-22,,wikipedia:sp600@903017102,medium,equity,us-small-cap,risk
SP600_PIT_2019,HAFC,us,2019-06-22,,wikipedia:sp600@903017102,medium,equity,us-small-cap,risk
SP600_PIT_2019,HAIN,us,2019-06-22,,wikipedia:sp600@903017102,medium,equity,us-small-cap,risk
SP600_PIT_2019,HAYN,us,2019-06-22,,wikipedia:sp600@903017102,medium,equity,us-small-cap,risk
SP600_PIT_2019,HBHC,us,2019-06-22,,wikipedia:sp600@903017102,medium,equity,us-small-cap,risk
SP600_PIT_2019,HCI,us,2019-06-22,,wikipedia:sp600@903017102,medium,equity,us-small-cap,risk
SP600_PIT_2019,HCSG,us,2019-06-22,,wikipedia:sp600@903017102,medium,equity,us-small-cap,risk
SP600_PIT_2019,HE,us,2019-06-22,,wikipedia:sp600@903017102,medium,equity,us-small-cap,risk
SP600_PIT_2019,HELE,us,2019-06-22,,wikipedia:sp600@903017102,medium,equity,us-small-cap,risk
SP600_PIT_2019,HF,us,2019-06-22,,wikipedia:sp600@903017102,medium,equity,us-small-cap,risk
SP600_PIT_2019,HFWA,us,2019-06-22,,wikipedia:sp600@903017102,medium,equity,us-small-cap,risk
SP600_PIT_2019,HI,us,2019-06-22,,wikipedia:sp600@903017102,medium,equity,us-small-cap,risk
SP600_PIT_2019,HIBB,us,2019-06-22,,wikipedia:sp600@903017102,medium,equity,us-small-cap,risk
SP600_PIT_2019,HIW,us,2019-06-22,,wikipedia:sp600@903017102,medium,equity,us-small-cap,risk
SP600_PIT_2019,HLIT,us,2019-06-22,,wikipedia:sp600@903017102,medium,equity,us-small-cap,risk
SP600_PIT_2019,HLX,us,2019-06-22,,wikipedia:sp600@903017102,medium,equity,us-small-cap,risk
SP600_PIT_2019,HMN,us,2019-06-22,,wikipedia:sp600@903017102,medium,equity,us-small-cap,risk
SP600_PIT_2019,HMST,us,2019-06-22,,wikipedia:sp600@903017102,medium,equity,us-small-cap,risk
SP600_PIT_2019,HMSY,us,2019-06-22,,wikipedia:sp600@903017102,medium,equity,us-small-cap,risk
SP600_PIT_2019,HNI,us,2019-06-22,,wikipedia:sp600@903017102,medium,equity,us-small-cap,risk
SP600_PIT_2019,HOMB,us,2019-06-22,,wikipedia:sp600@903017102,medium,equity,us-small-cap,risk
SP600_PIT_2019,HOPE,us,2019-06-22,,wikipedia:sp600@903017102,medium,equity,us-small-cap,risk
SP600_PIT_2019,HPR,us,2019-06-22,,wikipedia:sp600@903017102,medium,equity,us-small-cap,risk
SP600_PIT_2019,HPT,us,2019-06-22,,wikipedia:sp600@903017102,medium,equity,us-small-cap,risk
SP600_PIT_2019,HQY,us,2019-06-22,,wikipedia:sp600@903017102,medium,equity,us-small-cap,risk
SP600_PIT_2019,HR,us,2019-06-22,,wikipedia:sp600@903017102,medium,equity,us-small-cap,risk
SP600_PIT_2019,HRC,us,2019-06-22,,wikipedia:sp600@903017102,medium,equity,us-small-cap,risk
SP600_PIT_2019,HSC,us,2019-06-22,,wikipedia:sp600@903017102,medium,equity,us-small-cap,risk
SP600_PIT_2019,HSII,us,2019-06-22,,wikipedia:sp600@903017102,medium,equity,us-small-cap,risk
SP600_PIT_2019,HSKA,us,2019-06-22,,wikipedia:sp600@903017102,medium,equity,us-small-cap,risk
SP600_PIT_2019,HSTM,us,2019-06-22,,wikipedia:sp600@903017102,medium,equity,us-small-cap,risk
SP600_PIT_2019,HT,us,2019-06-22,,wikipedia:sp600@903017102,medium,equity,us-small-cap,risk
SP600_PIT_2019,HTLD,us,2019-06-22,,wikipedia:sp600@903017102,medium,equity,us-small-cap,risk
SP600_PIT_2019,HUBB,us,2019-06-22,,wikipedia:sp600@903017102,medium,equity,us-small-cap,risk
SP600_PIT_2019,HUBG,us,2019-06-22,,wikipedia:sp600@903017102,medium,equity,us-small-cap,risk
SP600_PIT_2019,HVT,us,2019-06-22,,wikipedia:sp600@903017102,medium,equity,us-small-cap,risk
SP600_PIT_2019,HWC,us,2019-06-22,,wikipedia:sp600@903017102,medium,equity,us-small-cap,risk
SP600_PIT_2019,HWKN,us,2019-06-22,,wikipedia:sp600@903017102,medium,equity,us-small-cap,risk
SP600_PIT_2019,HYH,us,2019-06-22,,wikipedia:sp600@903017102,medium,equity,us-small-cap,risk
SP600_PIT_2019,HZO,us,2019-06-22,,wikipedia:sp600@903017102,medium,equity,us-small-cap,risk
SP600_PIT_2019,IART,us,2019-06-22,,wikipedia:sp600@903017102,medium,equity,us-small-cap,risk
SP600_PIT_2019,IBKR,us,2019-06-22,,wikipedia:sp600@903017102,medium,equity,us-small-cap,risk
SP600_PIT_2019,IBOC,us,2019-06-22,,wikipedia:sp600@903017102,medium,equity,us-small-cap,risk
SP600_PIT_2019,IBP,us,2019-06-22,,wikipedia:sp600@903017102,medium,equity,us-small-cap,risk
SP600_PIT_2019,ICUI,us,2019-06-22,,wikipedia:sp600@903017102,medium,equity,us-small-cap,risk
SP600_PIT_2019,IDA,us,2019-06-22,,wikipedia:sp600@903017102,medium,equity,us-small-cap,risk
SP600_PIT_2019,IDCC,us,2019-06-22,,wikipedia:sp600@903017102,medium,equity,us-small-cap,risk
SP600_PIT_2019,IDTI,us,2019-06-22,,wikipedia:sp600@903017102,medium,equity,us-small-cap,risk
SP600_PIT_2019,IEX,us,2019-06-22,,wikipedia:sp600@903017102,medium,equity,us-small-cap,risk
SP600_PIT_2019,IIIN,us,2019-06-22,,wikipedia:sp600@903017102,medium,equity,us-small-cap,risk
SP600_PIT_2019,IIVI,us,2019-06-22,,wikipedia:sp600@903017102,medium,equity,us-small-cap,risk
SP600_PIT_2019,ILG,us,2019-06-22,,wikipedia:sp600@903017102,medium,equity,us-small-cap,risk
SP600_PIT_2019,INDB,us,2019-06-22,,wikipedia:sp600@903017102,medium,equity,us-small-cap,risk
SP600_PIT_2019,INGN,us,2019-06-22,,wikipedia:sp600@903017102,medium,equity,us-small-cap,risk
SP600_PIT_2019,INGR,us,2019-06-22,,wikipedia:sp600@903017102,medium,equity,us-small-cap,risk
SP600_PIT_2019,INN,us,2019-06-22,,wikipedia:sp600@903017102,medium,equity,us-small-cap,risk
SP600_PIT_2019,INT,us,2019-06-22,,wikipedia:sp600@903017102,medium,equity,us-small-cap,risk
SP600_PIT_2019,INTL,us,2019-06-22,,wikipedia:sp600@903017102,medium,equity,us-small-cap,risk
SP600_PIT_2019,INVA,us,2019-06-22,,wikipedia:sp600@903017102,medium,equity,us-small-cap,risk
SP600_PIT_2019,IOSP,us,2019-06-22,,wikipedia:sp600@903017102,medium,equity,us-small-cap,risk
SP600_PIT_2019,IPAR,us,2019-06-22,,wikipedia:sp600@903017102,medium,equity,us-small-cap,risk
SP600_PIT_2019,IPHS,us,2019-06-22,,wikipedia:sp600@903017102,medium,equity,us-small-cap,risk
SP600_PIT_2019,IRBT,us,2019-06-22,,wikipedia:sp600@903017102,medium,equity,us-small-cap,risk
SP600_PIT_2019,IRDM,us,2019-06-22,,wikipedia:sp600@903017102,medium,equity,us-small-cap,risk
SP600_PIT_2019,IRT,us,2019-06-22,,wikipedia:sp600@903017102,medium,equity,us-small-cap,risk
SP600_PIT_2019,ISCA,us,2019-06-22,,wikipedia:sp600@903017102,medium,equity,us-small-cap,risk
SP600_PIT_2019,ITG,us,2019-06-22,,wikipedia:sp600@903017102,medium,equity,us-small-cap,risk
SP600_PIT_2019,ITGR,us,2019-06-22,,wikipedia:sp600@903017102,medium,equity,us-small-cap,risk
SP600_PIT_2019,ITRI,us,2019-06-22,,wikipedia:sp600@903017102,medium,equity,us-small-cap,risk
SP600_PIT_2019,ITT,us,2019-06-22,,wikipedia:sp600@903017102,medium,equity,us-small-cap,risk
SP600_PIT_2019,IVC,us,2019-06-22,,wikipedia:sp600@903017102,medium,equity,us-small-cap,risk
SP600_PIT_2019,IVR,us,2019-06-22,,wikipedia:sp600@903017102,medium,equity,us-small-cap,risk
SP600_PIT_2019,JACK,us,2019-06-22,,wikipedia:sp600@903017102,medium,equity,us-small-cap,risk
SP600_PIT_2019,JBGS,us,2019-06-22,,wikipedia:sp600@903017102,medium,equity,us-small-cap,risk
SP600_PIT_2019,JBL,us,2019-06-22,,wikipedia:sp600@903017102,medium,equity,us-small-cap,risk
SP600_PIT_2019,JBLU,us,2019-06-22,,wikipedia:sp600@903017102,medium,equity,us-small-cap,risk
SP600_PIT_2019,JBSS,us,2019-06-22,,wikipedia:sp600@903017102,medium,equity,us-small-cap,risk
SP600_PIT_2019,JBT,us,2019-06-22,,wikipedia:sp600@903017102,medium,equity,us-small-cap,risk
SP600_PIT_2019,JCOM,us,2019-06-22,,wikipedia:sp600@903017102,medium,equity,us-small-cap,risk
SP600_PIT_2019,JCP,us,2019-06-22,,wikipedia:sp600@903017102,medium,equity,us-small-cap,risk
SP600_PIT_2019,JHG,us,2019-06-22,,wikipedia:sp600@903017102,medium,equity,us-small-cap,risk
SP600_PIT_2019,JJSF,us,2019-06-22,,wikipedia:sp600@903017102,medium,equity,us-small-cap,risk
SP600_PIT_2019,JKHY,us,2019-06-22,,wikipedia:sp600@903017102,medium,equity,us-small-cap,risk
SP600_PIT_2019,JLL,us,2019-06-22,,wikipedia:sp600@903017102,medium,equity,us-small-cap,risk
SP600_PIT_2019,JRVR,us,2019-06-22,,wikipedia:sp600@903017102,medium,equity,us-small-cap,risk
SP600_PIT_2019,JW.A,us,2019-06-22,,wikipedia:sp600@903017102,medium,equity,us-small-cap,risk
SP600_PIT_2019,KALU,us,2019-06-22,,wikipedia:sp600@903017102,medium,equity,us-small-cap,risk
SP600_PIT_2019,KAMN,us,2019-06-22,,wikipedia:sp600@903017102,medium,equity,us-small-cap,risk
SP600_PIT_2019,KBH,us,2019-06-22,,wikipedia:sp600@903017102,medium,equity,us-small-cap,risk
SP600_PIT_2019,KBR,us,2019-06-22,,wikipedia:sp600@903017102,medium,equity,us-small-cap,risk
SP600_PIT_2019,KELYA,us,2019-06-22,,wikipedia:sp600@903017102,medium,equity,us-small-cap,risk
SP600_PIT_2019,KEM,us,2019-06-22,,wikipedia:sp600@903017102,medium,equity,us-small-cap,risk
SP600_PIT_2019,KEX,us,2019-06-22,,wikipedia:sp600@903017102,medium,equity,us-small-cap,risk
SP600_PIT_2019,KEYS,us,2019-06-22,,wikipedia:sp600@903017102,medium,equity,us-small-cap,risk
SP600_PIT_2019,KFY,us,2019-06-22,,wikipedia:sp600@903017102,medium,equity,us-small-cap,risk
SP600_PIT_2019,KIRK,us,2019-06-22,,wikipedia:sp600@903017102,medium,equity,us-small-cap,risk
SP600_PIT_2019,KLIC,us,2019-06-22,,wikipedia:sp600@903017102,medium,equity,us-small-cap,risk
SP600_PIT_2019,KLXI,us,2019-06-22,,wikipedia:sp600@903017102,medium,equity,us-small-cap,risk
SP600_PIT_2019,KMPR,us,2019-06-22,,wikipedia:sp600@903017102,medium,equity,us-small-cap,risk
SP600_PIT_2019,KMT,us,2019-06-22,,wikipedia:sp600@903017102,medium,equity,us-small-cap,risk
SP600_PIT_2019,KN,us,2019-06-22,,wikipedia:sp600@903017102,medium,equity,us-small-cap,risk
SP600_PIT_2019,KNX,us,2019-06-22,,wikipedia:sp600@903017102,medium,equity,us-small-cap,risk
SP600_PIT_2019,KOP,us,2019-06-22,,wikipedia:sp600@903017102,medium,equity,us-small-cap,risk
SP600_PIT_2019,KOPN,us,2019-06-22,,wikipedia:sp600@903017102,medium,equity,us-small-cap,risk
SP600_PIT_2019,KRA,us,2019-06-22,,wikipedia:sp600@903017102,medium,equity,us-small-cap,risk
SP600_PIT_2019,KRC,us,2019-06-22,,wikipedia:sp600@903017102,medium,equity,us-small-cap,risk
SP600_PIT_2019,KRG,us,2019-06-22,,wikipedia:sp600@903017102,medium,equity,us-small-cap,risk
SP600_PIT_2019,KS,us,2019-06-22,,wikipedia:sp600@903017102,medium,equity,us-small-cap,risk
SP600_PIT_2019,KWR,us,2019-06-22,,wikipedia:sp600@903017102,medium,equity,us-small-cap,risk
SP600_PIT_2019,LABL,us,2019-06-22,,wikipedia:sp600@903017102,medium,equity,us-small-cap,risk
SP600_PIT_2019,LAD,us,2019-06-22,,wikipedia:sp600@903017102,medium,equity,us-small-cap,risk
SP600_PIT_2019,LAMR,us,2019-06-22,,wikipedia:sp600@903017102,medium,equity,us-small-cap,risk
SP600_PIT_2019,LANC,us,2019-06-22,,wikipedia:sp600@903017102,medium,equity,us-small-cap,risk
SP600_PIT_2019,LCI,us,2019-06-22,,wikipedia:sp600@903017102,medium,equity,us-small-cap,risk
SP600_PIT_2019,LCII,us,2019-06-22,,wikipedia:sp600@903017102,medium,equity,us-small-cap,risk
SP600_PIT_2019,LDL,us,2019-06-22,,wikipedia:sp600@903017102,medium,equity,us-small-cap,risk
SP600_PIT_2019,LDOS,us,2019-06-22,,wikipedia:sp600@903017102,medium,equity,us-small-cap,risk
SP600_PIT_2019,LECO,us,2019-06-22,,wikipedia:sp600@903017102,medium,equity,us-small-cap,risk
SP600_PIT_2019,LFUS,us,2019-06-22,,wikipedia:sp600@903017102,medium,equity,us-small-cap,risk
SP600_PIT_2019,LGIH,us,2019-06-22,,wikipedia:sp600@903017102,medium,equity,us-small-cap,risk
SP600_PIT_2019,LGND,us,2019-06-22,,wikipedia:sp600@903017102,medium,equity,us-small-cap,risk
SP600_PIT_2019,LHCG,us,2019-06-22,,wikipedia:sp600@903017102,medium,equity,us-small-cap,risk
SP600_PIT_2019,LHO,us,2019-06-22,,wikipedia:sp600@903017102,medium,equity,us-small-cap,risk
SP600_PIT_2019,LII,us,2019-06-22,,wikipedia:sp600@903017102,medium,equity,us-small-cap,risk
SP600_PIT_2019,LION,us,2019-06-22,,wikipedia:sp600@903017102,medium,equity,us-small-cap,risk
SP600_PIT_2019,LITE,us,2019-06-22,,wikipedia:sp600@903017102,medium,equity,us-small-cap,risk
SP600_PIT_2019,LIVN,us,2019-06-22,,wikipedia:sp600@903017102,medium,equity,us-small-cap,risk
SP600_PIT_2019,LKSD,us,2019-06-22,,wikipedia:sp600@903017102,medium,equity,us-small-cap,risk
SP600_PIT_2019,LL,us,2019-06-22,,wikipedia:sp600@903017102,medium,equity,us-small-cap,risk
SP600_PIT_2019,LM,us,2019-06-22,,wikipedia:sp600@903017102,medium,equity,us-small-cap,risk
SP600_PIT_2019,LMAT,us,2019-06-22,,wikipedia:sp600@903017102,medium,equity,us-small-cap,risk
SP600_PIT_2019,LMNX,us,2019-06-22,,wikipedia:sp600@903017102,medium,equity,us-small-cap,risk
SP600_PIT_2019,LNN,us,2019-06-22,,wikipedia:sp600@903017102,medium,equity,us-small-cap,risk
SP600_PIT_2019,LNTH,us,2019-06-22,,wikipedia:sp600@903017102,medium,equity,us-small-cap,risk
SP600_PIT_2019,LOCO,us,2019-06-22,,wikipedia:sp600@903017102,medium,equity,us-small-cap,risk
SP600_PIT_2019,LOGM,us,2019-06-22,,wikipedia:sp600@903017102,medium,equity,us-small-cap,risk
SP600_PIT_2019,LPNT,us,2019-06-22,,wikipedia:sp600@903017102,medium,equity,us-small-cap,risk
SP600_PIT_2019,LPSN,us,2019-06-22,,wikipedia:sp600@903017102,medium,equity,us-small-cap,risk
SP600_PIT_2019,LPT,us,2019-06-22,,wikipedia:sp600@903017102,medium,equity,us-small-cap,risk
SP600_PIT_2019,LPX,us,2019-06-22,,wikipedia:sp600@903017102,medium,equity,us-small-cap,risk
SP600_PIT_2019,LQDT,us,2019-06-22,,wikipedia:sp600@903017102,medium,equity,us-small-cap,risk
SP600_PIT_2019,LSI,us,2019-06-22,,wikipedia:sp600@903017102,medium,equity,us-small-cap,risk
SP600_PIT_2019,LSTR,us,2019-06-22,,wikipedia:sp600@903017102,medium,equity,us-small-cap,risk
SP600_PIT_2019,LTC,us,2019-06-22,,wikipedia:sp600@903017102,medium,equity,us-small-cap,risk
SP600_PIT_2019,LTXB,us,2019-06-22,,wikipedia:sp600@903017102,medium,equity,us-small-cap,risk
SP600_PIT_2019,LW,us,2019-06-22,,wikipedia:sp600@903017102,medium,equity,us-small-cap,risk
SP600_PIT_2019,LXP,us,2019-06-22,,wikipedia:sp600@903017102,medium,equity,us-small-cap,risk
SP600_PIT_2019,LXU,us,2019-06-22,,wikipedia:sp600@903017102,medium,equity,us-small-cap,risk
SP600_PIT_2019,LYV,us,2019-06-22,,wikipedia:sp600@903017102,medium,equity,us-small-cap,risk
SP600_PIT_2019,LZB,us,2019-06-22,,wikipedia:sp600@903017102,medium,equity,us-small-cap,risk
SP600_PIT_2019,MAN,us,2019-06-22,,wikipedia:sp600@903017102,medium,equity,us-small-cap,risk
SP600_PIT_2019,MANH,us,2019-06-22,,wikipedia:sp600@903017102,medium,equity,us-small-cap,risk
SP600_PIT_2019,MANT,us,2019-06-22,,wikipedia:sp600@903017102,medium,equity,us-small-cap,risk
SP600_PIT_2019,MASI,us,2019-06-22,,wikipedia:sp600@903017102,medium,equity,us-small-cap,risk
SP600_PIT_2019,MATW,us,2019-06-22,,wikipedia:sp600@903017102,medium,equity,us-small-cap,risk
SP600_PIT_2019,MATX,us,2019-06-22,,wikipedia:sp600@903017102,medium,equity,us-small-cap,risk
SP600_PIT_2019,MBFI,us,2019-06-22,,wikipedia:sp600@903017102,medium,equity,us-small-cap,risk
SP600_PIT_2019,MCRI,us,2019-06-22,,wikipedia:sp600@903017102,medium,equity,us-small-cap,risk
SP600_PIT_2019,MCS,us,2019-06-22,,wikipedia:sp600@903017102,medium,equity,us-small-cap,risk
SP600_PIT_2019,MCY,us,2019-06-22,,wikipedia:sp600@903017102,medium,equity,us-small-cap,risk
SP600_PIT_2019,MD,us,2019-06-22,,wikipedia:sp600@903017102,medium,equity,us-small-cap,risk
SP600_PIT_2019,MDC,us,2019-06-22,,wikipedia:sp600@903017102,medium,equity,us-small-cap,risk
SP600_PIT_2019,MDCO,us,2019-06-22,,wikipedia:sp600@903017102,medium,equity,us-small-cap,risk
SP600_PIT_2019,MDP,us,2019-06-22,,wikipedia:sp600@903017102,medium,equity,us-small-cap,risk
SP600_PIT_2019,MDR,us,2019-06-22,,wikipedia:sp600@903017102,medium,equity,us-small-cap,risk
SP600_PIT_2019,MDRX,us,2019-06-22,,wikipedia:sp600@903017102,medium,equity,us-small-cap,risk
SP600_PIT_2019,MDSO,us,2019-06-22,,wikipedia:sp600@903017102,medium,equity,us-small-cap,risk
SP600_PIT_2019,MDU,us,2019-06-22,,wikipedia:sp600@903017102,medium,equity,us-small-cap,risk
SP600_PIT_2019,MDXG,us,2019-06-22,,wikipedia:sp600@903017102,medium,equity,us-small-cap,risk
SP600_PIT_2019,MED,us,2019-06-22,,wikipedia:sp600@903017102,medium,equity,us-small-cap,risk
SP600_PIT_2019,MEI,us,2019-06-22,,wikipedia:sp600@903017102,medium,equity,us-small-cap,risk
SP600_PIT_2019,MGLN,us,2019-06-22,,wikipedia:sp600@903017102,medium,equity,us-small-cap,risk
SP600_PIT_2019,MGPI,us,2019-06-22,,wikipedia:sp600@903017102,medium,equity,us-small-cap,risk
SP600_PIT_2019,MHLD,us,2019-06-22,,wikipedia:sp600@903017102,medium,equity,us-small-cap,risk
SP600_PIT_2019,MHO,us,2019-06-22,,wikipedia:sp600@903017102,medium,equity,us-small-cap,risk
SP600_PIT_2019,MIK,us,2019-06-22,,wikipedia:sp600@903017102,medium,equity,us-small-cap,risk
SP600_PIT_2019,MINI,us,2019-06-22,,wikipedia:sp600@903017102,medium,equity,us-small-cap,risk
SP600_PIT_2019,MKSI,us,2019-06-22,,wikipedia:sp600@903017102,medium,equity,us-small-cap,risk
SP600_PIT_2019,MKTX,us,2019-06-22,,wikipedia:sp600@903017102,medium,equity,us-small-cap,risk
SP600_PIT_2019,MLHR,us,2019-06-22,,wikipedia:sp600@903017102,medium,equity,us-small-cap,risk
SP600_PIT_2019,MLI,us,2019-06-22,,wikipedia:sp600@903017102,medium,equity,us-small-cap,risk
SP600_PIT_2019,MMS,us,2019-06-22,,wikipedia:sp600@903017102,medium,equity,us-small-cap,risk
SP600_PIT_2019,MMSI,us,2019-06-22,,wikipedia:sp600@903017102,medium,equity,us-small-cap,risk
SP600_PIT_2019,MNK,us,2019-06-22,,wikipedia:sp600@903017102,medium,equity,us-small-cap,risk
SP600_PIT_2019,MNRO,us,2019-06-22,,wikipedia:sp600@903017102,medium,equity,us-small-cap,risk
SP600_PIT_2019,MNTA,us,2019-06-22,,wikipedia:sp600@903017102,medium,equity,us-small-cap,risk
SP600_PIT_2019,MOG.A,us,2019-06-22,,wikipedia:sp600@903017102,medium,equity,us-small-cap,risk
SP600_PIT_2019,MOH,us,2019-06-22,,wikipedia:sp600@903017102,medium,equity,us-small-cap,risk
SP600_PIT_2019,MOV,us,2019-06-22,,wikipedia:sp600@903017102,medium,equity,us-small-cap,risk
SP600_PIT_2019,MPAA,us,2019-06-22,,wikipedia:sp600@903017102,medium,equity,us-small-cap,risk
SP600_PIT_2019,MPW,us,2019-06-22,,wikipedia:sp600@903017102,medium,equity,us-small-cap,risk
SP600_PIT_2019,MPWR,us,2019-06-22,,wikipedia:sp600@903017102,medium,equity,us-small-cap,risk
SP600_PIT_2019,MSA,us,2019-06-22,,wikipedia:sp600@903017102,medium,equity,us-small-cap,risk
SP600_PIT_2019,MSM,us,2019-06-22,,wikipedia:sp600@903017102,medium,equity,us-small-cap,risk
SP600_PIT_2019,MSTR,us,2019-06-22,,wikipedia:sp600@903017102,medium,equity,us-small-cap,risk
SP600_PIT_2019,MTDR,us,2019-06-22,,wikipedia:sp600@903017102,medium,equity,us-small-cap,risk
SP600_PIT_2019,MTH,us,2019-06-22,,wikipedia:sp600@903017102,medium,equity,us-small-cap,risk
SP600_PIT_2019,MTRN,us,2019-06-22,,wikipedia:sp600@903017102,medium,equity,us-small-cap,risk
SP600_PIT_2019,MTRX,us,2019-06-22,,wikipedia:sp600@903017102,medium,equity,us-small-cap,risk
SP600_PIT_2019,MTSC,us,2019-06-22,,wikipedia:sp600@903017102,medium,equity,us-small-cap,risk
SP600_PIT_2019,MTX,us,2019-06-22,,wikipedia:sp600@903017102,medium,equity,us-small-cap,risk
SP600_PIT_2019,MUR,us,2019-06-22,,wikipedia:sp600@903017102,medium,equity,us-small-cap,risk
SP600_PIT_2019,MUSA,us,2019-06-22,,wikipedia:sp600@903017102,medium,equity,us-small-cap,risk
SP600_PIT_2019,MXL,us,2019-06-22,,wikipedia:sp600@903017102,medium,equity,us-small-cap,risk
SP600_PIT_2019,MYE,us,2019-06-22,,wikipedia:sp600@903017102,medium,equity,us-small-cap,risk
SP600_PIT_2019,MYGN,us,2019-06-22,,wikipedia:sp600@903017102,medium,equity,us-small-cap,risk
SP600_PIT_2019,MYRG,us,2019-06-22,,wikipedia:sp600@903017102,medium,equity,us-small-cap,risk
SP600_PIT_2019,NANO,us,2019-06-22,,wikipedia:sp600@903017102,medium,equity,us-small-cap,risk
SP600_PIT_2019,NATI,us,2019-06-22,,wikipedia:sp600@903017102,medium,equity,us-small-cap,risk
SP600_PIT_2019,NAVG,us,2019-06-22,,wikipedia:sp600@903017102,medium,equity,us-small-cap,risk
SP600_PIT_2019,NAVI,us,2019-06-22,,wikipedia:sp600@903017102,medium,equity,us-small-cap,risk
SP600_PIT_2019,NBHC,us,2019-06-22,,wikipedia:sp600@903017102,medium,equity,us-small-cap,risk
SP600_PIT_2019,NBR,us,2019-06-22,,wikipedia:sp600@903017102,medium,equity,us-small-cap,risk
SP600_PIT_2019,NBTB,us,2019-06-22,,wikipedia:sp600@903017102,medium,equity,us-small-cap,risk
SP600_PIT_2019,NCI,us,2019-06-22,,wikipedia:sp600@903017102,medium,equity,us-small-cap,risk
SP600_PIT_2019,NCR,us,2019-06-22,,wikipedia:sp600@903017102,medium,equity,us-small-cap,risk
SP600_PIT_2019,NDSN,us,2019-06-22,,wikipedia:sp600@903017102,medium,equity,us-small-cap,risk
SP600_PIT_2019,NE,us,2019-06-22,,wikipedia:sp600@903017102,medium,equity,us-small-cap,risk
SP600_PIT_2019,NEOG,us,2019-06-22,,wikipedia:sp600@903017102,medium,equity,us-small-cap,risk
SP600_PIT_2019,NEU,us,2019-06-22,,wikipedia:sp600@903017102,medium,equity,us-small-cap,risk
SP600_PIT_2019,NEWM,us,2019-06-22,,wikipedia:sp600@903017102,medium,equity,us-small-cap,risk
SP600_PIT_2019,NFBK,us,2019-06-22,,wikipedia:sp600@903017102,medium,equity,us-small-cap,risk
SP600_PIT_2019,NFG,us,2019-06-22,,wikipedia:sp600@903017102,medium,equity,us-small-cap,risk
SP600_PIT_2019,NGVT,us,2019-06-22,,wikipedia:sp600@903017102,medium,equity,us-small-cap,risk
SP600_PIT_2019,NJR,us,2019-06-22,,wikipedia:sp600@903017102,medium,equity,us-small-cap,risk
SP600_PIT_2019,NLS,us,2019-06-22,,wikipedia:sp600@903017102,medium,equity,us-small-cap,risk
SP600_PIT_2019,NMIH,us,2019-06-22,,wikipedia:sp600@903017102,medium,equity,us-small-cap,risk
SP600_PIT_2019,NNN,us,2019-06-22,,wikipedia:sp600@903017102,medium,equity,us-small-cap,risk
SP600_PIT_2019,NP,us,2019-06-22,,wikipedia:sp600@903017102,medium,equity,us-small-cap,risk
SP600_PIT_2019,NPK,us,2019-06-22,,wikipedia:sp600@903017102,medium,equity,us-small-cap,risk
SP600_PIT_2019,NPO,us,2019-06-22,,wikipedia:sp600@903017102,medium,equity,us-small-cap,risk
SP600_PIT_2019,NR,us,2019-06-22,,wikipedia:sp600@903017102,medium,equity,us-small-cap,risk
SP600_PIT_2019,NSA,us,2019-06-22,,wikipedia:sp600@903017102,medium,equity,us-small-cap,risk
SP600_PIT_2019,NSIT,us,2019-06-22,,wikipedia:sp600@903017102,medium,equity,us-small-cap,risk
SP600_PIT_2019,NSP,us,2019-06-22,,wikipedia:sp600@903017102,medium,equity,us-small-cap,risk
SP600_PIT_2019,NTCT,us,2019-06-22,,wikipedia:sp600@903017102,medium,equity,us-small-cap,risk
SP600_PIT_2019,NTGR,us,2019-06-22,,wikipedia:sp600@903017102,medium,equity,us-small-cap,risk
SP600_PIT_2019,NTRI,us,2019-06-22,,wikipedia:sp600@903017102,medium,equity,us-small-cap,risk
SP600_PIT_2019,NUS,us,2019-06-22,,wikipedia:sp600@903017102,medium,equity,us-small-cap,risk
SP600_PIT_2019,NUVA,us,2019-06-22,,wikipedia:sp600@903017102,medium,equity,us-small-cap,risk
SP600_PIT_2019,NVR,us,2019-06-22,,wikipedia:sp600@903017102,medium,equity,us-small-cap,risk
SP600_PIT_2019,NVT,us,2019-06-22,,wikipedia:sp600@903017102,medium,equity,us-small-cap,risk
SP600_PIT_2019,NWBI,us,2019-06-22,,wikipedia:sp600@903017102,medium,equity,us-small-cap,risk
SP600_PIT_2019,NWE,us,2019-06-22,,wikipedia:sp600@903017102,medium,equity,us-small-cap,risk
SP600_PIT_2019,NWN,us,2019-06-22,,wikipedia:sp600@903017102,medium,equity,us-small-cap,risk
SP600_PIT_2019,NX,us,2019-06-22,,wikipedia:sp600@903017102,medium,equity,us-small-cap,risk
SP600_PIT_2019,NYCB,us,2019-06-22,,wikipedia:sp600@903017102,medium,equity,us-small-cap,risk
SP600_PIT_2019,NYMT,us,2019-06-22,,wikipedia:sp600@903017102,medium,equity,us-small-cap,risk
SP600_PIT_2019,NYT,us,2019-06-22,,wikipedia:sp600@903017102,medium,equity,us-small-cap,risk
SP600_PIT_2019,OAS,us,2019-06-22,,wikipedia:sp600@903017102,medium,equity,us-small-cap,risk
SP600_PIT_2019,OCLR,us,2019-06-22,,wikipedia:sp600@903017102,medium,equity,us-small-cap,risk
SP600_PIT_2019,ODFL,us,2019-06-22,,wikipedia:sp600@903017102,medium,equity,us-small-cap,risk
SP600_PIT_2019,ODP,us,2019-06-22,,wikipedia:sp600@903017102,medium,equity,us-small-cap,risk
SP600_PIT_2019,OFC,us,2019-06-22,,wikipedia:sp600@903017102,medium,equity,us-small-cap,risk
SP600_PIT_2019,OFG,us,2019-06-22,,wikipedia:sp600@903017102,medium,equity,us-small-cap,risk
SP600_PIT_2019,OFIX,us,2019-06-22,,wikipedia:sp600@903017102,medium,equity,us-small-cap,risk
SP600_PIT_2019,OGE,us,2019-06-22,,wikipedia:sp600@903017102,medium,equity,us-small-cap,risk
SP600_PIT_2019,OGS,us,2019-06-22,,wikipedia:sp600@903017102,medium,equity,us-small-cap,risk
SP600_PIT_2019,OHI,us,2019-06-22,,wikipedia:sp600@903017102,medium,equity,us-small-cap,risk
SP600_PIT_2019,OI,us,2019-06-22,,wikipedia:sp600@903017102,medium,equity,us-small-cap,risk
SP600_PIT_2019,OII,us,2019-06-22,,wikipedia:sp600@903017102,medium,equity,us-small-cap,risk
SP600_PIT_2019,OIS,us,2019-06-22,,wikipedia:sp600@903017102,medium,equity,us-small-cap,risk
SP600_PIT_2019,OLLI,us,2019-06-22,,wikipedia:sp600@903017102,medium,equity,us-small-cap,risk
SP600_PIT_2019,OLN,us,2019-06-22,,wikipedia:sp600@903017102,medium,equity,us-small-cap,risk
SP600_PIT_2019,OMCL,us,2019-06-22,,wikipedia:sp600@903017102,medium,equity,us-small-cap,risk
SP600_PIT_2019,OMI,us,2019-06-22,,wikipedia:sp600@903017102,medium,equity,us-small-cap,risk
SP600_PIT_2019,ONB,us,2019-06-22,,wikipedia:sp600@903017102,medium,equity,us-small-cap,risk
SP600_PIT_2019,OPB,us,2019-06-22,,wikipedia:sp600@903017102,medium,equity,us-small-cap,risk
SP600_PIT_2019,ORI,us,2019-06-22,,wikipedia:sp600@903017102,medium,equity,us-small-cap,risk
SP600_PIT_2019,ORIT,us,2019-06-22,,wikipedia:sp600@903017102,medium,equity,us-small-cap,risk
SP600_PIT_2019,ORN,us,2019-06-22,,wikipedia:sp600@903017102,medium,equity,us-small-cap,risk
SP600_PIT_2019,OSIS,us,2019-06-22,,wikipedia:sp600@903017102,medium,equity,us-small-cap,risk
SP600_PIT_2019,OSK,us,2019-06-22,,wikipedia:sp600@903017102,medium,equity,us-small-cap,risk
SP600_PIT_2019,OSPN,us,2019-06-22,,wikipedia:sp600@903017102,medium,equity,us-small-cap,risk
SP600_PIT_2019,OSUR,us,2019-06-22,,wikipedia:sp600@903017102,medium,equity,us-small-cap,risk
SP600_PIT_2019,OXM,us,2019-06-22,,wikipedia:sp600@903017102,medium,equity,us-small-cap,risk
SP600_PIT_2019,OZK,us,2019-06-22,,wikipedia:sp600@903017102,medium,equity,us-small-cap,risk
SP600_PIT_2019,PACW,us,2019-06-22,,wikipedia:sp600@903017102,medium,equity,us-small-cap,risk
SP600_PIT_2019,PAHC,us,2019-06-22,,wikipedia:sp600@903017102,medium,equity,us-small-cap,risk
SP600_PIT_2019,PARR,us,2019-06-22,,wikipedia:sp600@903017102,medium,equity,us-small-cap,risk
SP600_PIT_2019,PATK,us,2019-06-22,,wikipedia:sp600@903017102,medium,equity,us-small-cap,risk
SP600_PIT_2019,PAY,us,2019-06-22,,wikipedia:sp600@903017102,medium,equity,us-small-cap,risk
SP600_PIT_2019,PB,us,2019-06-22,,wikipedia:sp600@903017102,medium,equity,us-small-cap,risk
SP600_PIT_2019,PBF,us,2019-06-22,,wikipedia:sp600@903017102,medium,equity,us-small-cap,risk
SP600_PIT_2019,PBH,us,2019-06-22,,wikipedia:sp600@903017102,medium,equity,us-small-cap,risk
SP600_PIT_2019,PBI,us,2019-06-22,,wikipedia:sp600@903017102,medium,equity,us-small-cap,risk
SP600_PIT_2019,PCH,us,2019-06-22,,wikipedia:sp600@903017102,medium,equity,us-small-cap,risk
SP600_PIT_2019,PDCE,us,2019-06-22,,wikipedia:sp600@903017102,medium,equity,us-small-cap,risk
SP600_PIT_2019,PDCO,us,2019-06-22,,wikipedia:sp600@903017102,medium,equity,us-small-cap,risk
SP600_PIT_2019,PDFS,us,2019-06-22,,wikipedia:sp600@903017102,medium,equity,us-small-cap,risk
SP600_PIT_2019,PEI,us,2019-06-22,,wikipedia:sp600@903017102,medium,equity,us-small-cap,risk
SP600_PIT_2019,PENN,us,2019-06-22,,wikipedia:sp600@903017102,medium,equity,us-small-cap,risk
SP600_PIT_2019,PERY,us,2019-06-22,,wikipedia:sp600@903017102,medium,equity,us-small-cap,risk
SP600_PIT_2019,PES,us,2019-06-22,,wikipedia:sp600@903017102,medium,equity,us-small-cap,risk
SP600_PIT_2019,PETS,us,2019-06-22,,wikipedia:sp600@903017102,medium,equity,us-small-cap,risk
SP600_PIT_2019,PFBC,us,2019-06-22,,wikipedia:sp600@903017102,medium,equity,us-small-cap,risk
SP600_PIT_2019,PFS,us,2019-06-22,,wikipedia:sp600@903017102,medium,equity,us-small-cap,risk
SP600_PIT_2019,PGNX,us,2019-06-22,,wikipedia:sp600@903017102,medium,equity,us-small-cap,risk
SP600_PIT_2019,PGTI,us,2019-06-22,,wikipedia:sp600@903017102,medium,equity,us-small-cap,risk
SP600_PIT_2019,PII,us,2019-06-22,,wikipedia:sp600@903017102,medium,equity,us-small-cap,risk
SP600_PIT_2019,PJC,us,2019-06-22,,wikipedia:sp600@903017102,medium,equity,us-small-cap,risk
SP600_PIT_2019,PKE,us,2019-06-22,,wikipedia:sp600@903017102,medium,equity,us-small-cap,risk
SP600_PIT_2019,PLAB,us,2019-06-22,,wikipedia:sp600@903017102,medium,equity,us-small-cap,risk
SP600_PIT_2019,PLAY,us,2019-06-22,,wikipedia:sp600@903017102,medium,equity,us-small-cap,risk
SP600_PIT_2019,PLCE,us,2019-06-22,,wikipedia:sp600@903017102,medium,equity,us-small-cap,risk
SP600_PIT_2019,PLT,us,2019-06-22,,wikipedia:sp600@903017102,medium,equity,us-small-cap,risk
SP600_PIT_2019,PLUS,us,2019-06-22,,wikipedia:sp600@903017102,medium,equity,us-small-cap,risk
SP600_PIT_2019,PLXS,us,2019-06-22,,wikipedia:sp600@903017102,medium,equity,us-small-cap,risk
SP600_PIT_2019,PMT,us,2019-06-22,,wikipedia:sp600@903017102,medium,equity,us-small-cap,risk
SP600_PIT_2019,PNFP,us,2019-06-22,,wikipedia:sp600@903017102,medium,equity,us-small-cap,risk
SP600_PIT_2019,PNM,us,2019-06-22,,wikipedia:sp600@903017102,medium,equity,us-small-cap,risk
SP600_PIT_2019,POL,us,2019-06-22,,wikipedia:sp600@903017102,medium,equity,us-small-cap,risk
SP600_PIT_2019,POOL,us,2019-06-22,,wikipedia:sp600@903017102,medium,equity,us-small-cap,risk
SP600_PIT_2019,POST,us,2019-06-22,,wikipedia:sp600@903017102,medium,equity,us-small-cap,risk
SP600_PIT_2019,POWI,us,2019-06-22,,wikipedia:sp600@903017102,medium,equity,us-small-cap,risk
SP600_PIT_2019,POWL,us,2019-06-22,,wikipedia:sp600@903017102,medium,equity,us-small-cap,risk
SP600_PIT_2019,PPBI,us,2019-06-22,,wikipedia:sp600@903017102,medium,equity,us-small-cap,risk
SP600_PIT_2019,PRA,us,2019-06-22,,wikipedia:sp600@903017102,medium,equity,us-small-cap,risk
SP600_PIT_2019,PRAA,us,2019-06-22,,wikipedia:sp600@903017102,medium,equity,us-small-cap,risk
SP600_PIT_2019,PRAH,us,2019-06-22,,wikipedia:sp600@903017102,medium,equity,us-small-cap,risk
SP600_PIT_2019,PRFT,us,2019-06-22,,wikipedia:sp600@903017102,medium,equity,us-small-cap,risk
SP600_PIT_2019,PRGS,us,2019-06-22,,wikipedia:sp600@903017102,medium,equity,us-small-cap,risk
SP600_PIT_2019,PRI,us,2019-06-22,,wikipedia:sp600@903017102,medium,equity,us-small-cap,risk
SP600_PIT_2019,PRLB,us,2019-06-22,,wikipedia:sp600@903017102,medium,equity,us-small-cap,risk
SP600_PIT_2019,PRSC,us,2019-06-22,,wikipedia:sp600@903017102,medium,equity,us-small-cap,risk
SP600_PIT_2019,PRSP,us,2019-06-22,,wikipedia:sp600@903017102,medium,equity,us-small-cap,risk
SP600_PIT_2019,PSB,us,2019-06-22,,wikipedia:sp600@903017102,medium,equity,us-small-cap,risk
SP600_PIT_2019,PTC,us,2019-06-22,,wikipedia:sp600@903017102,medium,equity,us-small-cap,risk
SP600_PIT_2019,PTEN,us,2019-06-22,,wikipedia:sp600@903017102,medium,equity,us-small-cap,risk
SP600_PIT_2019,PUMP,us,2019-06-22,,wikipedia:sp600@903017102,medium,equity,us-small-cap,risk
SP600_PIT_2019,PVAC,us,2019-06-22,,wikipedia:sp600@903017102,medium,equity,us-small-cap,risk
SP600_PIT_2019,PZZA,us,2019-06-22,,wikipedia:sp600@903017102,medium,equity,us-small-cap,risk
SP600_PIT_2019,QEP,us,2019-06-22,,wikipedia:sp600@903017102,medium,equity,us-small-cap,risk
SP600_PIT_2019,QHC,us,2019-06-22,,wikipedia:sp600@903017102,medium,equity,us-small-cap,risk
SP600_PIT_2019,QLYS,us,2019-06-22,,wikipedia:sp600@903017102,medium,equity,us-small-cap,risk
SP600_PIT_2019,QNST,us,2019-06-22,,wikipedia:sp600@903017102,medium,equity,us-small-cap,risk
SP600_PIT_2019,R,us,2019-06-22,,wikipedia:sp600@903017102,medium,equity,us-small-cap,risk
SP600_PIT_2019,RAVN,us,2019-06-22,,wikipedia:sp600@903017102,medium,equity,us-small-cap,risk
SP600_PIT_2019,RBC,us,2019-06-22,,wikipedia:sp600@903017102,medium,equity,us-small-cap,risk
SP600_PIT_2019,RCII,us,2019-06-22,,wikipedia:sp600@903017102,medium,equity,us-small-cap,risk
SP600_PIT_2019,RECN,us,2019-06-22,,wikipedia:sp600@903017102,medium,equity,us-small-cap,risk
SP600_PIT_2019,REGI,us,2019-06-22,,wikipedia:sp600@903017102,medium,equity,us-small-cap,risk
SP600_PIT_2019,REI,us,2019-06-22,,wikipedia:sp600@903017102,medium,equity,us-small-cap,risk
SP600_PIT_2019,REX,us,2019-06-22,,wikipedia:sp600@903017102,medium,equity,us-small-cap,risk
SP600_PIT_2019,RGA,us,2019-06-22,,wikipedia:sp600@903017102,medium,equity,us-small-cap,risk
SP600_PIT_2019,RGEN,us,2019-06-22,,wikipedia:sp600@903017102,medium,equity,us-small-cap,risk
SP600_PIT_2019,RGLD,us,2019-06-22,,wikipedia:sp600@903017102,medium,equity,us-small-cap,risk
SP600_PIT_2019,RGNX,us,2019-06-22,,wikipedia:sp600@903017102,medium,equity,us-small-cap,risk
SP600_PIT_2019,RGR,us,2019-06-22,,wikipedia:sp600@903017102,medium,equity,us-small-cap,risk
SP600_PIT_2019,RGS,us,2019-06-22,,wikipedia:sp600@903017102,medium,equity,us-small-cap,risk
SP600_PIT_2019,RH,us,2019-06-22,,wikipedia:sp600@903017102,medium,equity,us-small-cap,risk
SP600_PIT_2019,RIG,us,2019-06-22,,wikipedia:sp600@903017102,medium,equity,us-small-cap,risk
SP600_PIT_2019,RLI,us,2019-06-22,,wikipedia:sp600@903017102,medium,equity,us-small-cap,risk
SP600_PIT_2019,RMAX,us,2019-06-22,,wikipedia:sp600@903017102,medium,equity,us-small-cap,risk
SP600_PIT_2019,RMBS,us,2019-06-22,,wikipedia:sp600@903017102,medium,equity,us-small-cap,risk
SP600_PIT_2019,RNR,us,2019-06-22,,wikipedia:sp600@903017102,medium,equity,us-small-cap,risk
SP600_PIT_2019,ROCK,us,2019-06-22,,wikipedia:sp600@903017102,medium,equity,us-small-cap,risk
SP600_PIT_2019,ROG,us,2019-06-22,,wikipedia:sp600@903017102,medium,equity,us-small-cap,risk
SP600_PIT_2019,ROIC,us,2019-06-22,,wikipedia:sp600@903017102,medium,equity,us-small-cap,risk
SP600_PIT_2019,ROL,us,2019-06-22,,wikipedia:sp600@903017102,medium,equity,us-small-cap,risk
SP600_PIT_2019,RPM,us,2019-06-22,,wikipedia:sp600@903017102,medium,equity,us-small-cap,risk
SP600_PIT_2019,RPT,us,2019-06-22,,wikipedia:sp600@903017102,medium,equity,us-small-cap,risk
SP600_PIT_2019,RRC,us,2019-06-22,,wikipedia:sp600@903017102,medium,equity,us-small-cap,risk
SP600_PIT_2019,RRD,us,2019-06-22,,wikipedia:sp600@903017102,medium,equity,us-small-cap,risk
SP600_PIT_2019,RRGB,us,2019-06-22,,wikipedia:sp600@903017102,medium,equity,us-small-cap,risk
SP600_PIT_2019,RS,us,2019-06-22,,wikipedia:sp600@903017102,medium,equity,us-small-cap,risk
SP600_PIT_2019,RTEC,us,2019-06-22,,wikipedia:sp600@903017102,medium,equity,us-small-cap,risk
SP600_PIT_2019,RUTH,us,2019-06-22,,wikipedia:sp600@903017102,medium,equity,us-small-cap,risk
SP600_PIT_2019,RWT,us,2019-06-22,,wikipedia:sp600@903017102,medium,equity,us-small-cap,risk
SP600_PIT_2019,RYAM,us,2019-06-22,,wikipedia:sp600@903017102,medium,equity,us-small-cap,risk
SP600_PIT_2019,RYN,us,2019-06-22,,wikipedia:sp600@903017102,medium,equity,us-small-cap,risk
SP600_PIT_2019,SABR,us,2019-06-22,,wikipedia:sp600@903017102,medium,equity,us-small-cap,risk
SP600_PIT_2019,SAFM,us,2019-06-22,,wikipedia:sp600@903017102,medium,equity,us-small-cap,risk
SP600_PIT_2019,SAFT,us,2019-06-22,,wikipedia:sp600@903017102,medium,equity,us-small-cap,risk
SP600_PIT_2019,SAH,us,2019-06-22,,wikipedia:sp600@903017102,medium,equity,us-small-cap,risk
SP600_PIT_2019,SAIA,us,2019-06-22,,wikipedia:sp600@903017102,medium,equity,us-small-cap,risk
SP600_PIT_2019,SAIC,us,2019-06-22,,wikipedia:sp600@903017102,medium,equity,us-small-cap,risk
SP600_PIT_2019,SAM,us,2019-06-22,,wikipedia:sp600@903017102,medium,equity,us-small-cap,risk
SP600_PIT_2019,SANM,us,2019-06-22,,wikipedia:sp600@903017102,medium,equity,us-small-cap,risk
SP600_PIT_2019,SBCF,us,2019-06-22,,wikipedia:sp600@903017102,medium,equity,us-small-cap,risk
SP600_PIT_2019,SBH,us,2019-06-22,,wikipedia:sp600@903017102,medium,equity,us-small-cap,risk
SP600_PIT_2019,SBNY,us,2019-06-22,,wikipedia:sp600@903017102,medium,equity,us-small-cap,risk
SP600_PIT_2019,SBRA,us,2019-06-22,,wikipedia:sp600@903017102,medium,equity,us-small-cap,risk
SP600_PIT_2019,SBSI,us,2019-06-22,,wikipedia:sp600@903017102,medium,equity,us-small-cap,risk
SP600_PIT_2019,SCHL,us,2019-06-22,,wikipedia:sp600@903017102,medium,equity,us-small-cap,risk
SP600_PIT_2019,SCI,us,2019-06-22,,wikipedia:sp600@903017102,medium,equity,us-small-cap,risk
SP600_PIT_2019,SCL,us,2019-06-22,,wikipedia:sp600@903017102,medium,equity,us-small-cap,risk
SP600_PIT_2019,SCSC,us,2019-06-22,,wikipedia:sp600@903017102,medium,equity,us-small-cap,risk
SP600_PIT_2019,SCVL,us,2019-06-22,,wikipedia:sp600@903017102,medium,equity,us-small-cap,risk
SP600_PIT_2019,SEDG,us,2019-06-22,,wikipedia:sp600@903017102,medium,equity,us-small-cap,risk
SP600_PIT_2019,SEIC,us,2019-06-22,,wikipedia:sp600@903017102,medium,equity,us-small-cap,risk
SP600_PIT_2019,SEM,us,2019-06-22,,wikipedia:sp600@903017102,medium,equity,us-small-cap,risk
SP600_PIT_2019,SENEA,us,2019-06-22,,wikipedia:sp600@903017102,medium,equity,us-small-cap,risk
SP600_PIT_2019,SF,us,2019-06-22,,wikipedia:sp600@903017102,medium,equity,us-small-cap,risk
SP600_PIT_2019,SFBS,us,2019-06-22,,wikipedia:sp600@903017102,medium,equity,us-small-cap,risk
SP600_PIT_2019,SFLY,us,2019-06-22,,wikipedia:sp600@903017102,medium,equity,us-small-cap,risk
SP600_PIT_2019,SFM,us,2019-06-22,,wikipedia:sp600@903017102,medium,equity,us-small-cap,risk
SP600_PIT_2019,SFNC,us,2019-06-22,,wikipedia:sp600@903017102,medium,equity,us-small-cap,risk
SP600_PIT_2019,SGMS,us,2019-06-22,,wikipedia:sp600@903017102,medium,equity,us-small-cap,risk
SP600_PIT_2019,SHAK,us,2019-06-22,,wikipedia:sp600@903017102,medium,equity,us-small-cap,risk
SP600_PIT_2019,SHOO,us,2019-06-22,,wikipedia:sp600@903017102,medium,equity,us-small-cap,risk
SP600_PIT_2019,SIG,us,2019-06-22,,wikipedia:sp600@903017102,medium,equity,us-small-cap,risk
SP600_PIT_2019,SIGI,us,2019-06-22,,wikipedia:sp600@903017102,medium,equity,us-small-cap,risk
SP600_PIT_2019,SIX,us,2019-06-22,,wikipedia:sp600@903017102,medium,equity,us-small-cap,risk
SP600_PIT_2019,SJI,us,2019-06-22,,wikipedia:sp600@903017102,medium,equity,us-small-cap,risk
SP600_PIT_2019,SKT,us,2019-06-22,,wikipedia:sp600@903017102,medium,equity,us-small-cap,risk
SP600_PIT_2019,SKX,us,2019-06-22,,wikipedia:sp600@903017102,medium,equity,us-small-cap,risk
SP600_PIT_2019,SKYW,us,2019-06-22,,wikipedia:sp600@903017102,medium,equity,us-small-cap,risk
SP600_PIT_2019,SLAB,us,2019-06-22,,wikipedia:sp600@903017102,medium,equity,us-small-cap,risk
SP600_PIT_2019,SLCA,us,2019-06-22,,wikipedia:sp600@903017102,medium,equity,us-small-cap,risk
SP600_PIT_2019,SLGN,us,2019-06-22,,wikipedia:sp600@903017102,medium,equity,us-small-cap,risk
SP600_PIT_2019,SLM,us,2019-06-22,,wikipedia:sp600@903017102,medium,equity,us-small-cap,risk
SP600_PIT_2019,SM,us,2019-06-22,,wikipedia:sp600@903017102,medium,equity,us-small-cap,risk
SP600_PIT_2019,SMG,us,2019-06-22,,wikipedia:sp600@903017102,medium,equity,us-small-cap,risk
SP600_PIT_2019,SMP,us,2019-06-22,,wikipedia:sp600@903017102,medium,equity,us-small-cap,risk
SP600_PIT_2019,SMTC,us,2019-06-22,,wikipedia:sp600@903017102,medium,equity,us-small-cap,risk
SP600_PIT_2019,SNBR,us,2019-06-22,,wikipedia:sp600@903017102,medium,equity,us-small-cap,risk
SP600_PIT_2019,SNH,us,2019-06-22,,wikipedia:sp600@903017102,medium,equity,us-small-cap,risk
SP600_PIT_2019,SNV,us,2019-06-22,,wikipedia:sp600@903017102,medium,equity,us-small-cap,risk
SP600_PIT_2019,SNX,us,2019-06-22,,wikipedia:sp600@903017102,medium,equity,us-small-cap,risk
SP600_PIT_2019,SON,us,2019-06-22,,wikipedia:sp600@903017102,medium,equity,us-small-cap,risk
SP600_PIT_2019,SONC,us,2019-06-22,,wikipedia:sp600@903017102,medium,equity,us-small-cap,risk
SP600_PIT_2019,SPN,us,2019-06-22,,wikipedia:sp600@903017102,medium,equity,us-small-cap,risk
SP600_PIT_2019,SPOK,us,2019-06-22,,wikipedia:sp600@903017102,medium,equity,us-small-cap,risk
SP600_PIT_2019,SPPI,us,2019-06-22,,wikipedia:sp600@903017102,medium,equity,us-small-cap,risk
SP600_PIT_2019,SPSC,us,2019-06-22,,wikipedia:sp600@903017102,medium,equity,us-small-cap,risk
SP600_PIT_2019,SPTN,us,2019-06-22,,wikipedia:sp600@903017102,medium,equity,us-small-cap,risk
SP600_PIT_2019,SPXC,us,2019-06-22,,wikipedia:sp600@903017102,medium,equity,us-small-cap,risk
SP600_PIT_2019,SR,us,2019-06-22,,wikipedia:sp600@903017102,medium,equity,us-small-cap,risk
SP600_PIT_2019,SRCI,us,2019-06-22,,wikipedia:sp600@903017102,medium,equity,us-small-cap,risk
SP600_PIT_2019,SRDX,us,2019-06-22,,wikipedia:sp600@903017102,medium,equity,us-small-cap,risk
SP600_PIT_2019,SSD,us,2019-06-22,,wikipedia:sp600@903017102,medium,equity,us-small-cap,risk
SP600_PIT_2019,SSP,us,2019-06-22,,wikipedia:sp600@903017102,medium,equity,us-small-cap,risk
SP600_PIT_2019,SSTK,us,2019-06-22,,wikipedia:sp600@903017102,medium,equity,us-small-cap,risk
SP600_PIT_2019,STAR,us,2019-06-22,,wikipedia:sp600@903017102,medium,equity,us-small-cap,risk
SP600_PIT_2019,STBA,us,2019-06-22,,wikipedia:sp600@903017102,medium,equity,us-small-cap,risk
SP600_PIT_2019,STC,us,2019-06-22,,wikipedia:sp600@903017102,medium,equity,us-small-cap,risk
SP600_PIT_2019,STE,us,2019-06-22,,wikipedia:sp600@903017102,medium,equity,us-small-cap,risk
SP600_PIT_2019,STL,us,2019-06-22,,wikipedia:sp600@903017102,medium,equity,us-small-cap,risk
SP600_PIT_2019,STLD,us,2019-06-22,,wikipedia:sp600@903017102,medium,equity,us-small-cap,risk
SP600_PIT_2019,STMP,us,2019-06-22,,wikipedia:sp600@903017102,medium,equity,us-small-cap,risk
SP600_PIT_2019,STRA,us,2019-06-22,,wikipedia:sp600@903017102,medium,equity,us-small-cap,risk
SP600_PIT_2019,SUP,us,2019-06-22,,wikipedia:sp600@903017102,medium,equity,us-small-cap,risk
SP600_PIT_2019,SUPN,us,2019-06-22,,wikipedia:sp600@903017102,medium,equity,us-small-cap,risk
SP600_PIT_2019,SVU,us,2019-06-22,,wikipedia:sp600@903017102,medium,equity,us-small-cap,risk
SP600_PIT_2019,SWM,us,2019-06-22,,wikipedia:sp600@903017102,medium,equity,us-small-cap,risk
SP600_PIT_2019,SWN,us,2019-06-22,,wikipedia:sp600@903017102,medium,equity,us-small-cap,risk
SP600_PIT_2019,SWX,us,2019-06-22,,wikipedia:sp600@903017102,medium,equity,us-small-cap,risk
SP600_PIT_2019,SXC,us,2019-06-22,,wikipedia:sp600@903017102,medium,equity,us-small-cap,risk
SP600_PIT_2019,SXI,us,2019-06-22,,wikipedia:sp600@903017102,medium,equity,us-small-cap,risk
SP600_PIT_2019,SXT,us,2019-06-22,,wikipedia:sp600@903017102,medium,equity,us-small-cap,risk
SP600_PIT_2019,SYKE,us,2019-06-22,,wikipedia:sp600@903017102,medium,equity,us-small-cap,risk
SP600_PIT_2019,SYNA,us,2019-06-22,,wikipedia:sp600@903017102,medium,equity,us-small-cap,risk
SP600_PIT_2019,SYNH,us,2019-06-22,,wikipedia:sp600@903017102,medium,equity,us-small-cap,risk
SP600_PIT_2019,TBI,us,2019-06-22,,wikipedia:sp600@903017102,medium,equity,us-small-cap,risk
SP600_PIT_2019,TCBI,us,2019-06-22,,wikipedia:sp600@903017102,medium,equity,us-small-cap,risk
SP600_PIT_2019,TCF,us,2019-06-22,,wikipedia:sp600@903017102,medium,equity,us-small-cap,risk
SP600_PIT_2019,TCO,us,2019-06-22,,wikipedia:sp600@903017102,medium,equity,us-small-cap,risk
SP600_PIT_2019,TDC,us,2019-06-22,,wikipedia:sp600@903017102,medium,equity,us-small-cap,risk
SP600_PIT_2019,TDS,us,2019-06-22,,wikipedia:sp600@903017102,medium,equity,us-small-cap,risk
SP600_PIT_2019,TDY,us,2019-06-22,,wikipedia:sp600@903017102,medium,equity,us-small-cap,risk
SP600_PIT_2019,TECD,us,2019-06-22,,wikipedia:sp600@903017102,medium,equity,us-small-cap,risk
SP600_PIT_2019,TECH,us,2019-06-22,,wikipedia:sp600@903017102,medium,equity,us-small-cap,risk
SP600_PIT_2019,TER,us,2019-06-22,,wikipedia:sp600@903017102,medium,equity,us-small-cap,risk
SP600_PIT_2019,TEX,us,2019-06-22,,wikipedia:sp600@903017102,medium,equity,us-small-cap,risk
SP600_PIT_2019,TFX,us,2019-06-22,,wikipedia:sp600@903017102,medium,equity,us-small-cap,risk
SP600_PIT_2019,TG,us,2019-06-22,,wikipedia:sp600@903017102,medium,equity,us-small-cap,risk
SP600_PIT_2019,TGI,us,2019-06-22,,wikipedia:sp600@903017102,medium,equity,us-small-cap,risk
SP600_PIT_2019,TGNA,us,2019-06-22,,wikipedia:sp600@903017102,medium,equity,us-small-cap,risk
SP600_PIT_2019,THC,us,2019-06-22,,wikipedia:sp600@903017102,medium,equity,us-small-cap,risk
SP600_PIT_2019,THG,us,2019-06-22,,wikipedia:sp600@903017102,medium,equity,us-small-cap,risk
SP600_PIT_2019,THO,us,2019-06-22,,wikipedia:sp600@903017102,medium,equity,us-small-cap,risk
SP600_PIT_2019,THRM,us,2019-06-22,,wikipedia:sp600@903017102,medium,equity,us-small-cap,risk
SP600_PIT_2019,THS,us,2019-06-22,,wikipedia:sp600@903017102,medium,equity,us-small-cap,risk
SP600_PIT_2019,TILE,us,2019-06-22,,wikipedia:sp600@903017102,medium,equity,us-small-cap,risk
SP600_PIT_2019,TISI,us,2019-06-22,,wikipedia:sp600@903017102,medium,equity,us-small-cap,risk
SP600_PIT_2019,TIVO,us,2019-06-22,,wikipedia:sp600@903017102,medium,equity,us-small-cap,risk
SP600_PIT_2019,TKR,us,2019-06-22,,wikipedia:sp600@903017102,medium,equity,us-small-cap,risk
SP600_PIT_2019,TLRD,us,2019-06-22,,wikipedia:sp600@903017102,medium,equity,us-small-cap,risk
SP600_PIT_2019,TMP,us,2019-06-22,,wikipedia:sp600@903017102,medium,equity,us-small-cap,risk
SP600_PIT_2019,TMST,us,2019-06-22,,wikipedia:sp600@903017102,medium,equity,us-small-cap,risk
SP600_PIT_2019,TOL,us,2019-06-22,,wikipedia:sp600@903017102,medium,equity,us-small-cap,risk
SP600_PIT_2019,TPH,us,2019-06-22,,wikipedia:sp600@903017102,medium,equity,us-small-cap,risk
SP600_PIT_2019,TPRE,us,2019-06-22,,wikipedia:sp600@903017102,medium,equity,us-small-cap,risk
SP600_PIT_2019,TPX,us,2019-06-22,,wikipedia:sp600@903017102,medium,equity,us-small-cap,risk
SP600_PIT_2019,TR,us,2019-06-22,,wikipedia:sp600@903017102,medium,equity,us-small-cap,risk
SP600_PIT_2019,TREE,us,2019-06-22,,wikipedia:sp600@903017102,medium,equity,us-small-cap,risk
SP600_PIT_2019,TREX,us,2019-06-22,,wikipedia:sp600@903017102,medium,equity,us-small-cap,risk
SP600_PIT_2019,TRMB,us,2019-06-22,,wikipedia:sp600@903017102,medium,equity,us-small-cap,risk
SP600_PIT_2019,TRMK,us,2019-06-22,,wikipedia:sp600@903017102,medium,equity,us-small-cap,risk
SP600_PIT_2019,TRN,us,2019-06-22,,wikipedia:sp600@903017102,medium,equity,us-small-cap,risk
SP600_PIT_2019,TRST,us,2019-06-22,,wikipedia:sp600@903017102,medium,equity,us-small-cap,risk
SP600_PIT_2019,TTC,us,2019-06-22,,wikipedia:sp600@903017102,medium,equity,us-small-cap,risk
SP600_PIT_2019,TTEC,us,2019-06-22,,wikipedia:sp600@903017102,medium,equity,us-small-cap,risk
SP600_PIT_2019,TTEK,us,2019-06-22,,wikipedia:sp600@903017102,medium,equity,us-small-cap,risk
SP600_PIT_2019,TTI,us,2019-06-22,,wikipedia:sp600@903017102,medium,equity,us-small-cap,risk
SP600_PIT_2019,TTMI,us,2019-06-22,,wikipedia:sp600@903017102,medium,equity,us-small-cap,risk
SP600_PIT_2019,TTS,us,2019-06-22,,wikipedia:sp600@903017102,medium,equity,us-small-cap,risk
SP600_PIT_2019,TUP,us,2019-06-22,,wikipedia:sp600@903017102,medium,equity,us-small-cap,risk
SP600_PIT_2019,TVPT,us,2019-06-22,,wikipedia:sp600@903017102,medium,equity,us-small-cap,risk
SP600_PIT_2019,TVTY,us,2019-06-22,,wikipedia:sp600@903017102,medium,equity,us-small-cap,risk
SP600_PIT_2019,TWI,us,2019-06-22,,wikipedia:sp600@903017102,medium,equity,us-small-cap,risk
SP600_PIT_2019,TXRH,us,2019-06-22,,wikipedia:sp600@903017102,medium,equity,us-small-cap,risk
SP600_PIT_2019,TYL,us,2019-06-22,,wikipedia:sp600@903017102,medium,equity,us-small-cap,risk
SP600_PIT_2019,TYPE,us,2019-06-22,,wikipedia:sp600@903017102,medium,equity,us-small-cap,risk
SP600_PIT_2019,UBA,us,2019-06-22,,wikipedia:sp600@903017102,medium,equity,us-small-cap,risk
SP600_PIT_2019,UBSI,us,2019-06-22,,wikipedia:sp600@903017102,medium,equity,us-small-cap,risk
SP600_PIT_2019,UCBI,us,2019-06-22,,wikipedia:sp600@903017102,medium,equity,us-small-cap,risk
SP600_PIT_2019,UCTT,us,2019-06-22,,wikipedia:sp600@903017102,medium,equity,us-small-cap,risk
SP600_PIT_2019,UE,us,2019-06-22,,wikipedia:sp600@903017102,medium,equity,us-small-cap,risk
SP600_PIT_2019,UEIC,us,2019-06-22,,wikipedia:sp600@903017102,medium,equity,us-small-cap,risk
SP600_PIT_2019,UFCS,us,2019-06-22,,wikipedia:sp600@903017102,medium,equity,us-small-cap,risk
SP600_PIT_2019,UFI,us,2019-06-22,,wikipedia:sp600@903017102,medium,equity,us-small-cap,risk
SP600_PIT_2019,UFPI,us,2019-06-22,,wikipedia:sp600@903017102,medium,equity,us-small-cap,risk
SP600_PIT_2019,UFS,us,2019-06-22,,wikipedia:sp600@903017102,medium,equity,us-small-cap,risk
SP600_PIT_2019,UGI,us,2019-06-22,,wikipedia:sp600@903017102,medium,equity,us-small-cap,risk
SP600_PIT_2019,UHT,us,2019-06-22,,wikipedia:sp600@903017102,medium,equity,us-small-cap,risk
SP600_PIT_2019,UIHC,us,2019-06-22,,wikipedia:sp600@903017102,medium,equity,us-small-cap,risk
SP600_PIT_2019,ULTI,us,2019-06-22,,wikipedia:sp600@903017102,medium,equity,us-small-cap,risk
SP600_PIT_2019,UMBF,us,2019-06-22,,wikipedia:sp600@903017102,medium,equity,us-small-cap,risk
SP600_PIT_2019,UMPQ,us,2019-06-22,,wikipedia:sp600@903017102,medium,equity,us-small-cap,risk
SP600_PIT_2019,UNF,us,2019-06-22,,wikipedia:sp600@903017102,medium,equity,us-small-cap,risk
SP600_PIT_2019,UNFI,us,2019-06-22,,wikipedia:sp600@903017102,medium,equity,us-small-cap,risk
SP600_PIT_2019,UNIT,us,2019-06-22,,wikipedia:sp600@903017102,medium,equity,us-small-cap,risk
SP600_PIT_2019,UNT,us,2019-06-22,,wikipedia:sp600@903017102,medium,equity,us-small-cap,risk
SP600_PIT_2019,URBN,us,2019-06-22,,wikipedia:sp600@903017102,medium,equity,us-small-cap,risk
SP600_PIT_2019,USCR,us,2019-06-22,,wikipedia:sp600@903017102,medium,equity,us-small-cap,risk
SP600_PIT_2019,USPH,us,2019-06-22,,wikipedia:sp600@903017102,medium,equity,us-small-cap,risk
SP600_PIT_2019,UTHR,us,2019-06-22,,wikipedia:sp600@903017102,medium,equity,us-small-cap,risk
SP600_PIT_2019,UVE,us,2019-06-22,,wikipedia:sp600@903017102,medium,equity,us-small-cap,risk
SP600_PIT_2019,UVV,us,2019-06-22,,wikipedia:sp600@903017102,medium,equity,us-small-cap,risk
SP600_PIT_2019,VAC,us,2019-06-22,,wikipedia:sp600@903017102,medium,equity,us-small-cap,risk
SP600_PIT_2019,VC,us,2019-06-22,,wikipedia:sp600@903017102,medium,equity,us-small-cap,risk
SP600_PIT_2019,VECO,us,2019-06-22,,wikipedia:sp600@903017102,medium,equity,us-small-cap,risk
SP600_PIT_2019,VG,us,2019-06-22,,wikipedia:sp600@903017102,medium,equity,us-small-cap,risk
SP600_PIT_2019,VIAV,us,2019-06-22,,wikipedia:sp600@903017102,medium,equity,us-small-cap,risk
SP600_PIT_2019,VICR,us,2019-06-22,,wikipedia:sp600@903017102,medium,equity,us-small-cap,risk
SP600_PIT_2019,VIVO,us,2019-06-22,,wikipedia:sp600@903017102,medium,equity,us-small-cap,risk
SP600_PIT_2019,VLY,us,2019-06-22,,wikipedia:sp600@903017102,medium,equity,us-small-cap,risk
SP600_PIT_2019,VMI,us,2019-06-22,,wikipedia:sp600@903017102,medium,equity,us-small-cap,risk
SP600_PIT_2019,VRA,us,2019-06-22,,wikipedia:sp600@903017102,medium,equity,us-small-cap,risk
SP600_PIT_2019,VREX,us,2019-06-22,,wikipedia:sp600@903017102,medium,equity,us-small-cap,risk
SP600_PIT_2019,VRTS,us,2019-06-22,,wikipedia:sp600@903017102,medium,equity,us-small-cap,risk
SP600_PIT_2019,VRTU,us,2019-06-22,,wikipedia:sp600@903017102,medium,equity,us-small-cap,risk
SP600_PIT_2019,VRTV,us,2019-06-22,,wikipedia:sp600@903017102,medium,equity,us-small-cap,risk
SP600_PIT_2019,VSAT,us,2019-06-22,,wikipedia:sp600@903017102,medium,equity,us-small-cap,risk
SP600_PIT_2019,VSH,us,2019-06-22,,wikipedia:sp600@903017102,medium,equity,us-small-cap,risk
SP600_PIT_2019,VSI,us,2019-06-22,,wikipedia:sp600@903017102,medium,equity,us-small-cap,risk
SP600_PIT_2019,VSM,us,2019-06-22,,wikipedia:sp600@903017102,medium,equity,us-small-cap,risk
SP600_PIT_2019,VSTO,us,2019-06-22,,wikipedia:sp600@903017102,medium,equity,us-small-cap,risk
SP600_PIT_2019,VVC,us,2019-06-22,,wikipedia:sp600@903017102,medium,equity,us-small-cap,risk
SP600_PIT_2019,VVI,us,2019-06-22,,wikipedia:sp600@903017102,medium,equity,us-small-cap,risk
SP600_PIT_2019,VVV,us,2019-06-22,,wikipedia:sp600@903017102,medium,equity,us-small-cap,risk
SP600_PIT_2019,WAB,us,2019-06-22,,wikipedia:sp600@903017102,medium,equity,us-small-cap,risk
SP600_PIT_2019,WABC,us,2019-06-22,,wikipedia:sp600@903017102,medium,equity,us-small-cap,risk
SP600_PIT_2019,WAFD,us,2019-06-22,,wikipedia:sp600@903017102,medium,equity,us-small-cap,risk
SP600_PIT_2019,WAGE,us,2019-06-22,,wikipedia:sp600@903017102,medium,equity,us-small-cap,risk
SP600_PIT_2019,WBS,us,2019-06-22,,wikipedia:sp600@903017102,medium,equity,us-small-cap,risk
SP600_PIT_2019,WCG,us,2019-06-22,,wikipedia:sp600@903017102,medium,equity,us-small-cap,risk
SP600_PIT_2019,WD,us,2019-06-22,,wikipedia:sp600@903017102,medium,equity,us-small-cap,risk
SP600_PIT_2019,WDFC,us,2019-06-22,,wikipedia:sp600@903017102,medium,equity,us-small-cap,risk
SP600_PIT_2019,WDR,us,2019-06-22,,wikipedia:sp600@903017102,medium,equity,us-small-cap,risk
SP600_PIT_2019,WEN,us,2019-06-22,,wikipedia:sp600@903017102,medium,equity,us-small-cap,risk
SP600_PIT_2019,WERN,us,2019-06-22,,wikipedia:sp600@903017102,medium,equity,us-small-cap,risk
SP600_PIT_2019,WETF,us,2019-06-22,,wikipedia:sp600@903017102,medium,equity,us-small-cap,risk
SP600_PIT_2019,WEX,us,2019-06-22,,wikipedia:sp600@903017102,medium,equity,us-small-cap,risk
SP600_PIT_2019,WGO,us,2019-06-22,,wikipedia:sp600@903017102,medium,equity,us-small-cap,risk
SP600_PIT_2019,WH,us,2019-06-22,,wikipedia:sp600@903017102,medium,equity,us-small-cap,risk
SP600_PIT_2019,WING,us,2019-06-22,,wikipedia:sp600@903017102,medium,equity,us-small-cap,risk
SP600_PIT_2019,WIRE,us,2019-06-22,,wikipedia:sp600@903017102,medium,equity,us-small-cap,risk
SP600_PIT_2019,WLH,us,2019-06-22,,wikipedia:sp600@903017102,medium,equity,us-small-cap,risk
SP600_PIT_2019,WNC,us,2019-06-22,,wikipedia:sp600@903017102,medium,equity,us-small-cap,risk
SP600_PIT_2019,WOR,us,2019-06-22,,wikipedia:sp600@903017102,medium,equity,us-small-cap,risk
SP600_PIT_2019,WPG,us,2019-06-22,,wikipedia:sp600@903017102,medium,equity,us-small-cap,risk
SP600_PIT_2019,WPX,us,2019-06-22,,wikipedia:sp600@903017102,medium,equity,us-small-cap,risk
SP600_PIT_2019,WRB,us,2019-06-22,,wikipedia:sp600@903017102,medium,equity,us-small-cap,risk
SP600_PIT_2019,WRI,us,2019-06-22,,wikipedia:sp600@903017102,medium,equity,us-small-cap,risk
SP600_PIT_2019,WRLD,us,2019-06-22,,wikipedia:sp600@903017102,medium,equity,us-small-cap,risk
SP600_PIT_2019,WSM,us,2019-06-22,,wikipedia:sp600@903017102,medium,equity,us-small-cap,risk
SP600_PIT_2019,WSO,us,2019-06-22,,wikipedia:sp600@903017102,medium,equity,us-small-cap,risk
SP600_PIT_2019,WSR,us,2019-06-22,,wikipedia:sp600@903017102,medium,equity,us-small-cap,risk
SP600_PIT_2019,WST,us,2019-06-22,,wikipedia:sp600@903017102,medium,equity,us-small-cap,risk
SP600_PIT_2019,WTFC,us,2019-06-22,,wikipedia:sp600@903017102,medium,equity,us-small-cap,risk
SP600_PIT_2019,WTR,us,2019-06-22,,wikipedia:sp600@903017102,medium,equity,us-small-cap,risk
SP600_PIT_2019,WTS,us,2019-06-22,,wikipedia:sp600@903017102,medium,equity,us-small-cap,risk
SP600_PIT_2019,WWD,us,2019-06-22,,wikipedia:sp600@903017102,medium,equity,us-small-cap,risk
SP600_PIT_2019,WWE,us,2019-06-22,,wikipedia:sp600@903017102,medium,equity,us-small-cap,risk
SP600_PIT_2019,WWW,us,2019-06-22,,wikipedia:sp600@903017102,medium,equity,us-small-cap,risk
SP600_PIT_2019,WYND,us,2019-06-22,,wikipedia:sp600@903017102,medium,equity,us-small-cap,risk
SP600_PIT_2019,X,us,2019-06-22,,wikipedia:sp600@903017102,medium,equity,us-small-cap,risk
SP600_PIT_2019,XOXO,us,2019-06-22,,wikipedia:sp600@903017102,medium,equity,us-small-cap,risk
SP600_PIT_2019,XPER,us,2019-06-22,,wikipedia:sp600@903017102,medium,equity,us-small-cap,risk
SP600_PIT_2019,Y,us,2019-06-22,,wikipedia:sp600@903017102,medium,equity,us-small-cap,risk
SP600_PIT_2019,ZBRA,us,2019-06-22,,wikipedia:sp600@903017102,medium,equity,us-small-cap,risk
SP600_PIT_2019,ZEUS,us,2019-06-22,,wikipedia:sp600@903017102,medium,equity,us-small-cap,risk
SP600_PIT_2019,ZUMZ,us,2019-06-22,,wikipedia:sp600@903017102,medium,equity,us-small-cap,risk
