symbol,sic,sector
AA,3334,other
AAL,4512,other
AAMI,6282,financials
AAON,3585,industrials
AAP,5531,consumer
AAT,6798,financials
ABCB,6022,financials
ABG,5500,consumer
ABM,7340,consumer
ABR,6798,financials
ACA,3440,industrials
ACAD,2834,healthcare
ACHC,8093,healthcare
ACI,5411,consumer
ACIW,7372,tech
ACLS,3559,industrials
ACM,8711,consumer
ACMR,3559,industrials
ACT,6411,financials
ADAM,6798,financials
ADC,6798,financials
ADEA,4841,other
ADMA,2836,healthcare
ADNT,3714,industrials
ADT,7381,consumer
ADUS,8082,healthcare
AEIS,3679,tech
AEO,5651,consumer
AESI,1311,energy
AFG,6331,financials
AGCO,3523,industrials
AGNT,6531,financials
AGO,6351,financials
AGX,1700,other
AGYS,7373,tech
AHCO,8082,healthcare
AHR,6798,financials
AIN,2221,consumer
AIR,3720,industrials
AIT,5080,consumer
AKR,6798,financials
ALG,3523,industrials
ALGM,3674,tech
ALGT,4512,other
ALHC,6324,financials
ALK,4512,other
ALKS,2834,healthcare
ALLY,6022,financials
ALRM,7372,tech
ALV,3714,industrials
AM,4922,utilities
AMG,6282,financials
AMH,6798,financials
AMKR,3674,tech
AMN,7363,consumer
AMPH,2834,healthcare
AMR,1221,materials
AMRX,2834,healthcare
AMSF,6331,financials
AMTM,7389,consumer
AMWD,2430,other
AN,5500,consumer
ANDE,5150,consumer
ANF,5651,consumer
ANIP,2834,healthcare
AORT,3841,healthcare
AOSL,3674,tech
APAM,6282,financials
APG,7340,consumer
APLE,6798,financials
APOG,3231,other
APPF,7372,tech
AR,1311,energy
ARCB,4213,other
ARI,6798,financials
ARLO,7381,consumer
ARMK,5812,consumer
AROC,4922,utilities
ARR,6798,financials
ARW,5065,consumer
ARWR,2834,healthcare
ASB,6022,financials
ASH,5160,consumer
ASO,5940,consumer
ASTE,3531,industrials
ASTH,8742,consumer
ATEN,3576,tech
ATI,3317,other
ATMU,3714,industrials
ATR,3089,other
AUB,6022,financials
AVA,4931,utilities
AVAV,3721,industrials
AVNS,3842,healthcare
AVNT,2821,materials
AVT,5065,consumer
AVTR,3826,industrials
AWI,3089,other
AWR,4941,utilities
AX,6035,financials
AXTA,2851,materials
AYI,3640,industrials
AZTA,3559,industrials
AZZ,3470,industrials
BAH,8742,consumer
BANC,6021,financials
BANF,6021,financials
BANR,6022,financials
BBT,6036,financials
BBWI,5990,consumer
BC,3510,industrials
BCC,5030,consumer
BCO,4731,other
BCPC,2800,materials
BDC,3357,other
BFAM,8351,consumer
BFH,6141,financials
BFS,6798,financials
BGC,6200,financials
BHE,3672,tech
BHF,6311,financials
BILL,7372,tech
BIO,3826,industrials
BJ,5331,consumer
BJRI,5812,consumer
BKE,5651,consumer
BKH,4911,utilities
BKU,6035,financials
BL,7372,tech
BLD,1700,other
BLFS,3845,healthcare
BLKB,7372,tech
BMI,3824,industrials
BMRN,2834,healthcare
BNL,6798,financials
BOH,6022,financials
BOOT,5661,consumer
BOX,7372,tech
BRBR,2000,consumer
BRC,3990,industrials
BRKR,3826,industrials
BROS,5810,consumer
BRX,6798,financials
BSY,7372,tech
BTSG,8082,healthcare
BTU,1221,materials
BURL,5311,consumer
BWA,3714,industrials
BWXT,3510,industrials
BXMT,6798,financials
BYD,7011,consumer
CABO,4841,other
CACI,7373,tech
CAKE,5812,consumer
CALM,200,other
CALX,4899,other
CALY,3949,industrials
CAR,7510,consumer
CARG,7374,tech
CART,7389,consumer
CASH,6021,financials
CATY,6022,financials
CAVA,5812,consumer
CBRL,5812,consumer
CBSH,6022,financials
CBT,2890,materials
CBU,6021,financials
CC,2800,materials
CCK,3411,industrials
CCOI,4899,other
CCS,1531,other
CDP,6798,financials
CE,2820,materials
CELH,2086,consumer
CENT,5190,consumer
CENTA,5190,consumer
CENX,3334,other
CERT,7372,tech
CFFN,6035,financials
CFR,6021,financials
CG,6282,financials
CGNX,3823,industrials
CHCO,6021,financials
CHDN,7948,consumer
CHE,8082,healthcare
CHEF,5141,consumer
CHH,7011,consumer
CHRD,1311,energy
CHWY,5961,consumer
CLB,1389,energy
CLF,1000,materials
CLH,4955,utilities
CLSK,6199,financials
CMC,3312,other
CNH,3531,industrials
CNK,7830,consumer
CNM,5099,consumer
CNMD,3845,healthcare
CNO,6321,financials
CNR,1220,materials
CNS,6282,financials
CNX,1311,energy
CNXC,7389,consumer
CNXN,5045,consumer
COCO,2080,consumer
COHU,3825,industrials
COKE,2086,consumer
COLB,6022,financials
COLL,2834,healthcare
COLM,2300,consumer
CON,8093,healthcare
CORT,2834,healthcare
COTY,2844,materials
CPF,6022,financials
CPK,4923,utilities
CPRI,3100,other
CPRX,2834,healthcare
CR,3490,industrials
CRBG,6311,financials
CRC,1311,energy
CRGY,1311,energy
CRI,2300,consumer
CRK,1311,energy
CROX,3021,other
CRS,3312,other
CRSR,3577,tech
CRUS,3674,tech
CRVL,6411,financials
CSL,3060,other
CSR,6798,financials
CSW,2891,materials
CTKB,3826,industrials
CTRE,6798,financials
CTS,3672,tech
CUBE,6798,financials
CUBI,6022,financials
CURB,6500,financials
CUZ,6798,financials
CVBF,6022,financials
CVCO,2451,other
CVI,2911,energy
CVLT,7372,tech
CVSA,8200,consumer
CW,3590,industrials
CWEN,4911,utilities
CWEN.A,,other
CWK,6500,financials
CWST,4953,utilities
CWT,4941,utilities
CXM,7372,tech
CXT,3490,industrials
CXW,6798,financials
CYTK,2834,healthcare
CZR,7011,consumer
DAN,3714,industrials
DAR,2070,consumer
DBD,3578,tech
DBX,7372,tech
DCH,3714,industrials
DCI,3564,industrials
DCOM,6021,financials
DEA,6798,financials
DEI,6798,financials
DFH,1531,other
DFIN,7380,consumer
DGII,3576,tech
DINO,4610,other
DIOD,3674,tech
DKS,5940,consumer
DLB,6794,financials
DLX,2780,other
DNOW,3533,industrials
DOCN,7370,tech
DOCS,7371,tech
DOCU,7372,tech
DORM,3714,industrials
DRH,6798,financials
DT,7372,tech
DTM,4922,utilities
DUOL,7372,tech
DV,7370,tech
DXC,7374,tech
DXPE,5084,consumer
DY,1623,other
EAT,5812,consumer
ECG,1531,other
ECPG,6153,financials
EEFT,6099,financials
EFC,6500,financials
EFOR,7363,consumer
EGBN,6022,financials
EGP,6798,financials
EHC,8060,healthcare
EIG,6331,financials
ELAN,2834,healthcare
ELF,2844,materials
ELS,6798,financials
EMBC,3841,healthcare
EMN,2821,materials
ENOV,3842,healthcare
ENPH,3674,tech
ENR,3690,tech
ENS,3690,tech
ENSG,8051,healthcare
ENTG,3089,other
ENVA,6141,financials
EPAC,3590,industrials
EPC,2844,materials
EPR,6798,financials
EPRT,6798,financials
EQH,6411,financials
ESAB,3569,industrials
ESE,3669,industrials
ESI,2890,materials
ESNT,6351,financials
ETD,2511,other
ETSY,7389,consumer
EVR,6282,financials
EVTC,7374,tech
EWBC,6022,financials
EXEL,2836,healthcare
EXLS,7389,consumer
EXP,3241,other
EXPO,8742,consumer
EXTR,3576,tech
EYE,3851,healthcare
EZPW,5900,consumer
FAF,6361,financials
FBIN,2430,other
FBK,6022,financials
FBNC,6022,financials
FBP,6022,financials
FBRT,6798,financials
FCF,6021,financials
FCFS,5900,consumer
FCN,8742,consumer
FCPT,6798,financials
FDP,100,other
FELE,3621,industrials
FFBC,6021,financials
FFIN,6022,financials
FG,6311,financials
FHB,6022,financials
FHI,6282,financials
FHN,6021,financials
FIBK,6022,financials
FIVE,5331,consumer
FIZZ,2086,consumer
FLEX,3672,tech
FLG,6036,financials
FLO,2000,consumer
FLR,1600,other
FLS,3561,industrials
FMC,2800,materials
FN,3661,industrials
FNB,6021,financials
FND,5211,consumer
FNF,6361,financials
FORM,3674,tech
FOUR,7389,consumer
FOXF,3751,industrials
FR,6798,financials
FRPT,2040,consumer
FSS,3711,industrials
FTDR,7340,consumer
FTI,3533,industrials
FTRE,8071,healthcare
FUL,2891,materials
FULT,6021,financials
FUN,7900,consumer
FWRD,4731,other
G,8742,consumer
GAP,5651,consumer
GATX,4700,other
GBCI,6022,financials
GBX,3743,industrials
GDYN,7372,tech
GEF,3412,industrials
GEO,1520,other
GFF,3442,industrials
GGG,3561,industrials
GHC,8200,consumer
GIII,2300,consumer
GKOS,3841,healthcare
GLPI,6798,financials
GME,5734,consumer
GMED,3841,healthcare
GNL,6798,financials
GNTX,3714,industrials
GNW,6311,financials
GO,5411,consumer
GOGO,4899,other
GOLF,3949,industrials
GPI,5500,consumer
GPK,2650,other
GRBK,1531,other
GSHD,6411,financials
GT,3011,other
GTES,3560,industrials
GTLS,3443,industrials
GTM,7372,tech
GTY,6500,financials
GVA,1600,other
GWRE,7372,tech
GXO,4700,other
H,7011,consumer
HAE,3841,healthcare
HAFC,6021,financials
HALO,2836,healthcare
HASI,6799,financials
HAYW,3580,industrials
HCC,1220,materials
HCI,6331,financials
HCSG,8050,healthcare
HE,4911,utilities
HFWA,6036,financials
HGV,7000,consumer
HIMS,8011,healthcare
HIW,6798,financials
HL,1400,materials
HLI,6282,financials
HLIT,3663,industrials
HLNE,6282,financials
HLX,1389,energy
HMN,6331,financials
HNI,2522,other
HOG,3751,industrials
HOMB,6022,financials
HOPE,6021,financials
HP,1381,energy
HQY,7389,consumer
HR,6798,financials
HRB,7200,consumer
HRMY,2834,healthcare
HSTM,7370,tech
HTH,6022,financials
HTLD,4213,other
HTO,4941,utilities
HTZ,7510,consumer
HUBG,4731,other
HWC,6022,financials
HWKN,5160,consumer
HXL,2821,materials
HZO,5531,consumer
IAC,7370,tech
IART,3841,healthcare
IBOC,6022,financials
IBP,1520,other
ICHR,3674,tech
ICUI,3841,healthcare
IDA,4911,utilities
IDCC,6794,financials
IIIN,3310,other
IIPR,6500,financials
ILMN,3826,industrials
INDB,6022,financials
INDV,2834,healthcare
INGR,2040,consumer
INSP,3841,healthcare
INSW,4400,other
INVA,2834,healthcare
INVX,3533,industrials
IOSP,2800,materials
IPAR,2844,materials
IPGP,3674,tech
IRDM,4899,other
IRT,6798,financials
ITGR,3845,healthcare
ITRI,3825,industrials
ITT,3561,industrials
JAZZ,2834,healthcare
JBGS,6798,financials
JBLU,4512,other
JBSS,2060,consumer
JBTM,3550,industrials
JEF,6211,financials
JHG,6282,financials
JJSF,2052,consumer
JLL,6531,financials
JOE,6552,financials
JXN,6311,financials
KAI,3550,industrials
KALU,3350,other
KBH,1531,other
KBR,1600,other
KD,7373,tech
KEX,4400,other
KFY,7361,consumer
KGS,4922,utilities
KLIC,3674,tech
KMPR,6331,financials
KMT,3541,industrials
KMX,5500,consumer
KN,3651,industrials
KNF,1400,materials
KNSL,6331,financials
KNTK,4922,utilities
KNX,4213,other
KOP,2400,other
KRC,6798,financials
KRG,6798,financials
KRYS,2836,healthcare
KSS,5311,consumer
KTB,2320,consumer
KTOS,3760,industrials
KW,6500,financials
KWR,2990,energy
LAD,5500,consumer
LAMR,6798,financials
LAUR,8200,consumer
LBRT,1389,energy
LCII,3714,industrials
LEA,3714,industrials
LECO,3540,industrials
LEG,2510,other
LFST,8000,healthcare
LFUS,3613,industrials
LGIH,1531,other
LGND,2834,healthcare
LIF,7374,tech
LIVN,3845,healthcare
LKFN,6022,financials
LKQ,5010,consumer
LMAT,3841,healthcare
LNC,6311,financials
LNN,3523,industrials
LNTH,2835,healthcare
LOPE,8200,consumer
LPG,4412,other
LPX,2400,other
LQDT,7389,consumer
LRN,8200,consumer
LSCC,3674,tech
LSTR,4213,other
LTC,6798,financials
LTH,7997,consumer
LUMN,4813,other
LW,2030,consumer
LXP,6798,financials
LYFT,7389,consumer
LZ,7374,tech
LZB,2510,other
M,5311,consumer
MAC,6798,financials
MAN,7363,consumer
MANH,7372,tech
MARA,6199,financials
MASI,3845,healthcare
MAT,3942,industrials
MATW,3360,other
MATX,4400,other
MBC,2511,other
MBIN,6022,financials
MC,6282,financials
MCRI,7011,consumer
MCY,6331,financials
MD,8060,healthcare
MDU,1400,materials
MEDP,8731,consumer
MGEE,4900,utilities
MGY,1311,energy
MHK,2273,consumer
MHO,1531,other
MIDD,3580,industrials
MIR,3829,industrials
MKSI,3823,industrials
MKTX,6211,financials
MLI,3350,other
MLKN,2520,other
MMI,6531,financials
MMS,7389,consumer
MMSI,3841,healthcare
MNRO,7500,consumer
MOG.A,,other
MOH,6324,financials
MORN,6282,financials
MP,1000,materials
MPT,6798,financials
MRCY,3670,tech
MRP,6500,financials
MRTN,4213,other
MSA,3842,healthcare
MSEX,4941,utilities
MSGS,7990,consumer
MSM,5084,consumer
MTCH,7370,tech
MTDR,1311,energy
MTG,6351,financials
MTH,1531,other
MTN,7990,consumer
MTRN,3460,industrials
MTSI,3674,tech
MTUS,3312,other
MTX,2810,materials
MTZ,1623,other
MUR,1311,energy
MUSA,5500,consumer
MWA,3490,industrials
MXL,3674,tech
MYRG,1623,other
MZTI,2030,consumer
NABL,7372,tech
NATL,3578,tech
NAVI,6211,financials
NBHC,6021,financials
NBIX,2836,healthcare
NBTB,6021,financials
NE,1381,energy
NEO,8734,consumer
NEOG,2835,healthcare
NEU,2860,materials
NFG,4924,utilities
NGVT,2800,materials
NHC,8051,healthcare
NJR,4924,utilities
NLY,6798,financials
NMIH,6351,financials
NNN,6798,financials
NOG,1311,energy
NOV,3533,industrials
NOVT,3690,tech
NPK,3480,industrials
NPO,3050,other
NSA,6798,financials
NSIT,5961,consumer
NSP,7363,consumer
NSSC,3669,industrials
NTCT,7373,tech
NTNX,7372,tech
NVRI,8900,consumer
NVST,3843,healthcare
NVT,3550,industrials
NWBI,6021,financials
NWE,4931,utilities
NWL,3089,other
NWN,4924,utilities
NX,3350,other
NXRT,6798,financials
NXST,4833,other
NXT,3674,tech
NYT,2711,other
OC,3290,other
OFG,6022,financials
OGE,4911,utilities
OGN,2834,healthcare
OGS,4924,utilities
OHI,6798,financials
OI,3221,other
OII,1389,energy
OKTA,7372,tech
OLED,3670,tech
OLLI,5331,consumer
OLN,2800,materials
OMCL,3571,tech
ONB,6021,financials
ONTO,3829,industrials
OPCH,8082,healthcare
OPLN,5500,consumer
ORA,4911,utilities
ORI,6351,financials
OSIS,3674,tech
OSK,3711,industrials
OSW,7997,consumer
OTTR,4911,utilities
OUT,6798,financials
OVV,1311,energy
OXM,2320,consumer
OZK,,other
P,3572,tech
PAG,5500,consumer
PAHC,2834,healthcare
PARR,1311,energy
PATH,7372,tech
PATK,3714,industrials
PAYC,7372,tech
PAYO,7389,consumer
PB,6022,financials
PBF,,other
PBH,2834,healthcare
PBI,3579,tech
PCRX,2834,healthcare
PCTY,7372,tech
PDFS,7372,tech
PEB,6798,financials
PECO,6798,financials
PEGA,7374,tech
PEN,3841,healthcare
PENG,3674,tech
PENN,7011,consumer
PFBC,,other
PFGC,5141,consumer
PFS,6035,financials
PGNY,8090,healthcare
PHIN,3714,industrials
PI,3679,tech
PII,3790,industrials
PINS,7370,tech
PIPR,6211,financials
PJT,6282,financials
PK,7011,consumer
PLAB,3674,tech
PLMR,6331,financials
PLNT,7997,consumer
PLUS,5045,consumer
PLXS,3672,tech
PMT,6798,financials
PNFP,6021,financials
POR,4911,utilities
POST,2040,consumer
POWI,3674,tech
POWL,3613,industrials
PPC,2015,consumer
PR,1311,energy
PRA,6331,financials
PRAA,6153,financials
PRDO,8200,consumer
PRG,7359,consumer
PRGO,2834,healthcare
PRGS,7372,tech
PRI,6311,financials
PRIM,1623,other
PRK,6021,financials
PRKS,7990,consumer
PRLB,3440,industrials
PRSU,7990,consumer
PRVA,8000,healthcare
PSMT,5331,consumer
PSN,7373,tech
PTCT,2834,healthcare
PTEN,1381,energy
PTGX,2834,healthcare
PVH,2320,consumer
PZZA,5812,consumer
QDEL,2835,healthcare
QLYS,7372,tech
QNST,7389,consumer
QRVO,3674,tech
QTWO,7372,tech
R,7510,consumer
RAL,3823,industrials
RAMP,7374,tech
RBA,7389,consumer
RBC,3562,industrials
RCUS,2834,healthcare
RDN,6351,financials
RDNT,8071,healthcare
RELY,7389,consumer
RES,1389,energy
REX,2860,materials
REXR,6798,financials
REYN,2673,other
REZI,5072,consumer
RGA,6311,financials
RGEN,2836,healthcare
RGLD,6795,financials
RH,5712,consumer
RHI,7363,consumer
RHP,6798,financials
RITM,6798,financials
RLI,6331,financials
RMBS,3674,tech
RNG,7374,tech
RNR,6331,financials
RNST,6022,financials
ROCK,3310,other
ROG,2821,materials
ROIV,2834,healthcare
RPM,2851,materials
RRC,1311,energy
RRR,7011,consumer
RRX,3569,industrials
RS,5051,consumer
RUN,3690,tech
RUSHA,5500,consumer
RWT,6798,financials
RXO,4700,other
RYAN,6411,financials
RYN,6798,financials
SABR,7370,tech
SAFE,6798,financials
SAFT,6331,financials
SAH,5500,consumer
SAIA,4213,other
SAIC,7373,tech
SAM,2082,consumer
SANM,3672,tech
SARO,3724,industrials
SBCF,6022,financials
SBH,5990,consumer
SBRA,6798,financials
SBSI,6022,financials
SCHL,2731,other
SCI,7200,consumer
SCL,2840,materials
SCSC,5045,consumer
SDGR,2834,healthcare
SEDG,3674,tech
SEIC,6211,financials
SEM,8060,healthcare
SEZL,7389,consumer
SF,6211,financials
SFBS,6022,financials
SFM,5411,consumer
SFNC,6021,financials
SGI,2510,other
SHAK,5810,consumer
SHC,8090,healthcare
SHEN,4813,other
SHO,7011,consumer
SHOO,3140,other
SIG,5944,consumer
SIGI,6331,financials
SITM,3674,tech
SKT,6798,financials
SKY,2451,other
SKYW,4512,other
SLAB,3674,tech
SLG,6798,financials
SLGN,3411,industrials
SLM,6141,financials
SLVM,2621,other
SM,1311,energy
SMG,2870,materials
SMP,3714,industrials
SMPL,2000,consumer
SMTC,3674,tech
SN,3630,industrials
SNDR,4213,other
SNEX,6200,financials
SNX,5045,consumer
SOLS,2800,materials
SON,2650,other
SONO,3651,industrials
SPHR,7900,consumer
SPNT,6331,financials
SPSC,7372,tech
SPXC,3540,industrials
SR,4924,utilities
SRPT,2834,healthcare
SSB,6022,financials
SSD,3420,industrials
SSTK,7374,tech
ST,3823,industrials
STAA,3851,healthcare
STAG,6798,financials
STBA,6022,financials
STC,6361,financials
STEL,6021,financials
STEP,6282,financials
STRA,8200,consumer
STRL,1600,other
STWD,6798,financials
SUPN,2834,healthcare
SWX,4923,utilities
SXI,3580,industrials
SXT,2860,materials
SYNA,3674,tech
TALO,1311,energy
TBBK,6021,financials
TCBI,6022,financials
TDC,7372,tech
TDS,4813,other
TDW,4400,other
TEX,3537,industrials
TFIN,6022,financials
TFX,3841,healthcare
TGTX,2834,healthcare
THC,8062,healthcare
THG,6331,financials
THO,3716,industrials
THRM,3714,industrials
TILE,2273,consumer
TKR,3562,industrials
TLN,4911,utilities
TMDX,3845,healthcare
TMHC,1531,other
TMP,6022,financials
TNC,3580,industrials
TNDM,3841,healthcare
TNL,7011,consumer
TOL,1531,other
TR,2060,consumer
TREX,2400,other
TRIP,7370,tech
TRMK,6021,financials
TRN,3743,industrials
TRNO,6500,financials
TRST,6022,financials
TRU,7320,consumer
TRUP,6324,financials
TTC,3524,industrials
TTEK,8711,consumer
TTMI,3672,tech
TWLO,7372,tech
TWO,6798,financials
TXNM,4911,utilities
TXRH,5812,consumer
UA,2300,consumer
UAA,2300,consumer
UBSI,6022,financials
UCB,6022,financials
UCTT,3674,tech
UE,6500,financials
UFCS,6331,financials
UFPI,2421,other
UFPT,3841,healthcare
UGI,4932,utilities
UHT,6798,financials
ULS,8734,consumer
UMBF,6021,financials
UNF,7200,consumer
UNFI,5141,consumer
UNIT,4813,other
UNM,6321,financials
UPBD,7359,consumer
UPWK,7374,tech
URBN,5651,consumer
USFD,5140,consumer
USPH,8000,healthcare
UTHR,2834,healthcare
UTL,4931,utilities
UVV,5150,consumer
VAC,6531,financials
VAL,1381,energy
VC,3714,industrials
VCEL,2836,healthcare
VCTR,6282,financials
VCYT,8071,healthcare
VECO,3559,industrials
VFC,2320,consumer
VGNT,3714,industrials
VIAV,3674,tech
VICR,3679,tech
VIR,2836,healthcare
VIRT,6211,financials
VITL,2000,consumer
VLY,6021,financials
VMI,3440,industrials
VNO,6798,financials
VNOM,1311,energy
VNT,3824,industrials
VOYA,6311,financials
VRE,6798,financials
VRRM,4700,other
VRTS,6282,financials
VSAT,4899,other
VSCO,5621,consumer
VSEC,8711,consumer
VSH,3670,tech
VSNT,4833,other
VSTS,5190,consumer
VTOL,4522,other
VVV,2990,energy
VYX,3578,tech
WABC,6021,financials
WAFD,6021,financials
WAL,6022,financials
WAY,7373,tech
WBS,6021,financials
WCC,5063,consumer
WD,6199,financials
WDFC,2890,materials
WEN,5810,consumer
WERN,4213,other
WEX,7389,consumer
WFRD,3533,industrials
WGO,3716,industrials
WH,7011,consumer
WHD,3533,industrials
WHR,3630,industrials
WINA,5900,consumer
WING,5812,consumer
WKC,5172,consumer
WLK,2860,materials
WLY,2731,other
WMG,7900,consumer
WMS,3086,other
WOR,3310,other
WPC,6798,financials
WRLD,6141,financials
WS,3310,other
WSC,7350,consumer
WSFS,6021,financials
WSO,5070,consumer
WSR,6798,financials
WT,6211,financials
WTFC,6022,financials
WTRG,4941,utilities
WTS,3490,industrials
WU,7389,consumer
WWD,3620,industrials
WWW,3140,other
XHR,7011,consumer
XNCR,2834,healthcare
XPEL,3470,industrials
XPO,4700,other
XRAY,3843,healthcare
YELP,7200,consumer
YETI,3949,industrials
YOU,7372,tech
ZD,4822,other
ZION,6021,financials
ZWS,3560,industrials
